CREATE TABLE Final_Member(
    NO NUMBER(20),
    NAME VARCHAR2(30),
    ID VARCHAR2(30),
    PASSWORD VARCHAR2(30),
    PHONENUMBER VARCHAR2(30),
    TYPE VARCHAR2(10) DEFAULT '하객',
    OPENBANKING VARCHAR(10) DEFAULT '비동의',
    VIDEO VARCHAR2(10) DEFAULT 'N',
    IMAGE VARCHAR2(10) DEFAULT 'N',
    NEWACCOUNT VARCHAR2(10) DEFAULT 'N',
    SEX VARCHAR2 DEFAULT '남',
    HANAPOINT NUMBER DEFAULT 0
);

COMMIT;

SELECT * FROM FINAL_MEMBER WHERE OPENBANKING='동의';

UPDATE FINAL_MEMBER SET OPENBANKING ='비동의' WHERE OPENBANKING = '동의';

UPDATE FINAL_ACCOUNT SET OPEN_BANKING ='비동의' WHERE OPEN_BANKING = '동의';

COMMIT;

SELECT * FROM FINAL_ACCOUNT WHERE NAME='최덕재';

SELECT * FROM FINAL_MEMBER WHERE NAME='조재희';

COMMIT;

SELECT * FROM FINAL_ACCOUNT WHERE NAME='조재희';

DELETE FROM final_account WHERE NAME = '조재희';

DELETE FROM final_member WHERE NAME = '조재희';

SELECT * FROM FINAL_MEMBER WHERE NAME='조재희';

UPDATE FINAL_MEMBER SET NEWACCOUNT ='Y' WHERE NAME = '조재희';


UPDATE FINAL_MEMBER SET HANAPOINT = 1500 WHERE NAME = '조재희';

UPDATE FINAL_ACCOUNT SET BALANCE = 50000 WHERE NAME = '조재희';

commit;

SELECT * FROM FINAL_ACCOUNT;

SELECT * FROM FINAL_ACCOUNT WHERE NEW_ACCOUNT = 'Y';

SELECT * FROM FINAL_ACCOUNT WHERE NAME = '김병관';

SELECT * FROM FINAL_MEMBER WHERE NAME = '조재희';

COMMIT;

// 여기봐라

SELECT * FROM FINAL_TRANSACTION_HISTORY WHERE WITHDRAWAL_NAME ='김준기';

DELETE FROM FINAL_TRANSACTION_HISTORY WHERE WITHDRAWAL_NAME ='김준기';

SELECT * FROM FINAL_TRANSACTION_HISTORY WHERE WITHDRAWAL_NAME ='최덕재';

SELECT * FROM FINAL_TRANSACTION_HISTORY WHERE RE_PAY ='완료';


DELETE FROM FINAL_TRANSACTION_HISTORY WHERE WITHDRAWAL_NAME ='김준기';



SELECT * FROM FINAL_ACCOUNT WHERE NAME ='최덕재';

SELECT * FROM FINAL_MEMBER WHERE NAME = '최덕재';

SELECT * FROM FINAL_ACCOUNT WHERE BALANCE = 119119;

SELECT * FROM FINAL_ACCOUNT;

ROLLBACK;

DELETE FROM FINAL_MEMBER WHERE ID = 'kimjunkk';

COMMIT;


UPDATE FINAL_MEMBER SET OPENBANKING ='비동의' WHERE OPENBANKING = '동의';

UPDATE FINAL_ACCOUNT SET OPENBANKING ='비동의' WHERE OPENBANKING = '동의';

UPDATE FINAL_MEMBER SET TYPE ='하객' WHERE NAME = '김병관';



SELECT * FROM FINAL_ACCOUNT WHERE NAME='김신랑';

SELECT * FROM FINAL_MEMBER WHERE NAME='김신랑';

UPDATE FINAL_MEMBER SET TYPE ='하객' WHERE NAME = '김신랑';


commit;


UPDATE FINAL_MEMBER SET IMAGE ='Y' WHERE NAME = '최덕재';

UPDATE FINAL_ACCOUNT SET IMAGE ='Y' WHERE NAME = '최덕재';

COMMIT;


UPDATE FINAL_MEMBER SET IMAGE ='N' WHERE IMAGE = 'Y';

UPDATE FINAL_MEMBER SET VIDEO ='N' WHERE VIDEO = 'Y';

UPDATE FINAL_MEMBER SET HANAPOINT = 0 WHERE NAME = '김병관';

UPDATE FINAL_ACCOUNT SET HANA_POINT = 0 WHERE NAME = '김병관';


COMMIT;

UPDATE FINAL_TRANSACTION_HISTORY SET RE_PAY ='미완료' WHERE RE_PAY = '완료';

UPDATE FINAL_ACCOUNT SET OPEN_BANKING ='비동의' WHERE OPEN_BANKING = '동의';

INSERT INTO FINAL_MEMBER(NO, NAME, ID, PASSWORD, PHONENUMBER, TYPE, OPENBANKING, VIDEO, IMAGE, SEX)
VALUES(seqmember.nextval, '관리자', 'manager', '1234', '01077777777', '관리자', '동의', 'Y', 'Y','여');

UPDATE FINAL_MEMBER SET HANAPOINT = 0 WHERE NAME = '김병관';


COMMIT;


INSERT INTO FINAL_MEMBER(NO, NAME, ID, PASSWORD, PHONENUMBER, TYPE, OPENBANKING, VIDEO, IMAGE)
VALUES(seqmember.nextval, '김병관', 'bg0307', '1234', '01077106366', '하객', '비동의', 'N', 'N');
INSERT INTO FINAL_MEMBER(NO, NAME, ID, PASSWORD, PHONENUMBER, TYPE, OPENBANKING, VIDEO, IMAGE)
VALUES(seqmember.nextval, '이신부', 'bride', '1234', '01088888888', '신부', '비동의', 'N', 'N');
INSERT INTO FINAL_MEMBER(NO, NAME, ID, PASSWORD, PHONENUMBER, TYPE, OPENBANKING, VIDEO, IMAGE)
VALUES(seqmember.nextval, '김신랑', 'groom', '1234', '01099999999', '신랑', '비동의', 'N', 'N');
INSERT INTO FINAL_MEMBER(NO, NAME, ID, PASSWORD, PHONENUMBER, TYPE, OPENBANKING, VIDEO, IMAGE)
VALUES(seqmember.nextval, '조재희', 'jjh', '1234', '01029523679', '하객', '비동의', 'N', 'N');
INSERT INTO FINAL_MEMBER(NO, NAME, ID, PASSWORD, PHONENUMBER, TYPE, OPENBANKING, VIDEO, IMAGE)
VALUES(seqmember.nextval, '최덕재', 'cdj', '1234', '01026509600', '하객', '비동의', 'N', 'N');
INSERT INTO FINAL_MEMBER(NO, NAME, ID, PASSWORD, PHONENUMBER, TYPE, OPENBANKING, VIDEO, IMAGE)
VALUES(seqmember.nextval, '전형진', 'jhj', '1234', '01022223333', '하객', '비동의', 'N', 'N');

INSERT INTO FINAL_MEMBER(NO, NAME, ID, PASSWORD, PHONENUMBER, TYPE, OPENBANKING, VIDEO, IMAGE)
VALUES(seqmember.nextval, '박지훈', 'pjh', '1234', '01034345656', '하객', '비동의', 'N', 'N');
INSERT INTO FINAL_MEMBER(NO, NAME, ID, PASSWORD, PHONENUMBER, TYPE, OPENBANKING, VIDEO, IMAGE)
VALUES(seqmember.nextval, '김선영', 'ksy', '1234', '01087875656', '하객', '비동의', 'N', 'N');
INSERT INTO FINAL_MEMBER(NO, NAME, ID, PASSWORD, PHONENUMBER, TYPE, OPENBANKING, VIDEO, IMAGE)
VALUES(seqmember.nextval, '정의정', 'juj', '1234', '01022335656', '하객', '비동의', 'N', 'N');
INSERT INTO FINAL_MEMBER(NO, NAME, ID, PASSWORD, PHONENUMBER, TYPE, OPENBANKING, VIDEO, IMAGE)
VALUES(seqmember.nextval, '박수민', 'psm', '1234', '01077795656', '하객', '비동의', 'N', 'N');
INSERT INTO FINAL_MEMBER(NO, NAME, ID, PASSWORD, PHONENUMBER, TYPE, OPENBANKING, VIDEO, IMAGE)
VALUES(seqmember.nextval, '박현성', 'phs', '1234', '01077796661', '하객', '비동의', 'N', 'N');
INSERT INTO FINAL_MEMBER(NO, NAME, ID, PASSWORD, PHONENUMBER, TYPE, OPENBANKING, VIDEO, IMAGE)
VALUES(seqmember.nextval, '신지원', 'sjw', '1234', '01033226661', '하객', '비동의', 'N', 'N');
INSERT INTO FINAL_MEMBER(NO, NAME, ID, PASSWORD, PHONENUMBER, TYPE, OPENBANKING, VIDEO, IMAGE)
VALUES(seqmember.nextval, '박수혁', 'parksh', '1234', '01022126661', '하객', '비동의', 'N', 'N');
INSERT INTO FINAL_MEMBER(NO, NAME, ID, PASSWORD, PHONENUMBER, TYPE, OPENBANKING, VIDEO, IMAGE)
VALUES(seqmember.nextval, '이정환', 'leejh', '1234', '01099016661', '하객', '비동의', 'N', 'N');
INSERT INTO FINAL_MEMBER(NO, NAME, ID, PASSWORD, PHONENUMBER, TYPE, OPENBANKING, VIDEO, IMAGE)
VALUES(seqmember.nextval, '박준영', 'parkjy', '1234', '01033229666', '하객', '비동의', 'N', 'N');
INSERT INTO FINAL_MEMBER(NO, NAME, ID, PASSWORD, PHONENUMBER, TYPE, OPENBANKING, VIDEO, IMAGE)
VALUES(seqmember.nextval, '정선', 'jungsun', '1234', '01088655543', '하객', '비동의', 'N', 'N');
INSERT INTO FINAL_MEMBER(NO, NAME, ID, PASSWORD, PHONENUMBER, TYPE, OPENBANKING, VIDEO, IMAGE)
VALUES(seqmember.nextval, '구이경', 'kooek', '1234', '01066519666', '하객', '비동의', 'N', 'N');
INSERT INTO FINAL_MEMBER(NO, NAME, ID, PASSWORD, PHONENUMBER, TYPE, OPENBANKING, VIDEO, IMAGE)
VALUES(seqmember.nextval, '진수민', 'jinsm', '1234', '01047547257', '하객', '비동의', 'N', 'N');
INSERT INTO FINAL_MEMBER(NO, NAME, ID, PASSWORD, PHONENUMBER, TYPE, OPENBANKING, VIDEO, IMAGE)
VALUES(seqmember.nextval, '김윤호', 'kimyoonho', '1234', '01011225366', '하객', '비동의', 'N', 'N');
INSERT INTO FINAL_MEMBER(NO, NAME, ID, PASSWORD, PHONENUMBER, TYPE, OPENBANKING, VIDEO, IMAGE)
VALUES(seqmember.nextval, '서유경', 'seoyk', '1234', '01022414423', '하객', '비동의', 'N', 'N');
INSERT INTO FINAL_MEMBER(NO, NAME, ID, PASSWORD, PHONENUMBER, TYPE, OPENBANKING, VIDEO, IMAGE)
VALUES(seqmember.nextval, '김창대', 'kimcd', '1234', '01047747334', '하객', '비동의', 'N', 'N');
INSERT INTO FINAL_MEMBER(NO, NAME, ID, PASSWORD, PHONENUMBER, TYPE, OPENBANKING, VIDEO, IMAGE)
VALUES(seqmember.nextval, '김지환', 'kimjh', '1234', '01023698964', '하객', '비동의', 'N', 'N');
INSERT INTO FINAL_MEMBER(NO, NAME, ID, PASSWORD, PHONENUMBER, TYPE, OPENBANKING, VIDEO, IMAGE)
VALUES(seqmember.nextval, '한진규', 'hanjk', '1234', '01055642112', '하객', '비동의', 'N', 'N');
INSERT INTO FINAL_MEMBER(NO, NAME, ID, PASSWORD, PHONENUMBER, TYPE, OPENBANKING, VIDEO, IMAGE)
VALUES(seqmember.nextval, '이건우', 'leekw', '1234', '01099951032', '하객', '비동의', 'N', 'N');
INSERT INTO FINAL_MEMBER(NO, NAME, ID, PASSWORD, PHONENUMBER, TYPE, OPENBANKING, VIDEO, IMAGE)
VALUES(seqmember.nextval, '김종인', 'kimji', '1234', '01066688881', '하객', '비동의', 'N', 'N');
INSERT INTO FINAL_MEMBER(NO, NAME, ID, PASSWORD, PHONENUMBER, TYPE, OPENBANKING, VIDEO, IMAGE)
VALUES(seqmember.nextval, '김능효', 'kimnh', '1234', '01022311144', '하객', '비동의', 'N', 'N');
INSERT INTO FINAL_MEMBER(NO, NAME, ID, PASSWORD, PHONENUMBER, TYPE, OPENBANKING, VIDEO, IMAGE)
VALUES(seqmember.nextval, '고건희', 'kokh', '1234', '01011299973', '하객', '비동의', 'N', 'N');
INSERT INTO FINAL_MEMBER(NO, NAME, ID, PASSWORD, PHONENUMBER, TYPE, OPENBANKING, VIDEO, IMAGE)
VALUES(seqmember.nextval, '신용욱', 'shinyw', '1234', '01055499984', '하객', '비동의', 'N', 'N');
INSERT INTO FINAL_MEMBER(NO, NAME, ID, PASSWORD, PHONENUMBER, TYPE, OPENBANKING, VIDEO, IMAGE)
VALUES(seqmember.nextval, '조도연', 'jody', '1234', '01000209992', '하객', '비동의', 'N', 'N');
INSERT INTO FINAL_MEMBER(NO, NAME, ID, PASSWORD, PHONENUMBER, TYPE, OPENBANKING, VIDEO, IMAGE)
VALUES(seqmember.nextval, '김태양', 'kimty', '1234', '01077764443', '하객', '비동의', 'N', 'N');
INSERT INTO FINAL_MEMBER(NO, NAME, ID, PASSWORD, PHONENUMBER, TYPE, OPENBANKING, VIDEO, IMAGE)
VALUES(seqmember.nextval, '신대근', 'shindk', '1234', '01033397773', '하객', '비동의', 'N', 'N');
INSERT INTO FINAL_MEMBER(NO, NAME, ID, PASSWORD, PHONENUMBER, TYPE, OPENBANKING, VIDEO, IMAGE)
VALUES(seqmember.nextval, '조동환', 'jodh', '1234', '01019918832', '하객', '비동의', 'N', 'N');
INSERT INTO FINAL_MEMBER(NO, NAME, ID, PASSWORD, PHONENUMBER, TYPE, OPENBANKING, VIDEO, IMAGE)
VALUES(seqmember.nextval, '박성균', 'parksk', '1234', '01077199912', '하객', '비동의', 'N', 'N');
INSERT INTO FINAL_MEMBER(NO, NAME, ID, PASSWORD, PHONENUMBER, TYPE, OPENBANKING, VIDEO, IMAGE)
VALUES(seqmember.nextval, '김은현', 'kimeh', '1234', '01022338889', '하객', '비동의', 'N', 'N');
INSERT INTO FINAL_MEMBER(NO, NAME, ID, PASSWORD, PHONENUMBER, TYPE, OPENBANKING, VIDEO, IMAGE)
VALUES(seqmember.nextval, '양재훈', 'yangjh', '1234', '01011553343', '하객', '비동의', 'N', 'N');
INSERT INTO FINAL_MEMBER(NO, NAME, ID, PASSWORD, PHONENUMBER, TYPE, OPENBANKING, VIDEO, IMAGE)
VALUES(seqmember.nextval, '정영범', 'jungyb', '1234', '01044293382', '하객', '비동의', 'N', 'N');
INSERT INTO FINAL_MEMBER(NO, NAME, ID, PASSWORD, PHONENUMBER, TYPE, OPENBANKING, VIDEO, IMAGE)
VALUES(seqmember.nextval, '이륭희', 'leelh', '1234', '01088829992', '하객', '비동의', 'N', 'N');
INSERT INTO FINAL_MEMBER(NO, NAME, ID, PASSWORD, PHONENUMBER, TYPE, OPENBANKING, VIDEO, IMAGE)
VALUES(seqmember.nextval, '이국희', 'leekukhee', '1234', '01000822221', '하객', '비동의', 'N', 'N');
INSERT INTO FINAL_MEMBER(NO, NAME, ID, PASSWORD, PHONENUMBER, TYPE, OPENBANKING, VIDEO, IMAGE)
VALUES(seqmember.nextval, '정태양', 'jungty', '1234', '01033377781', '하객', '비동의', 'N', 'N');
INSERT INTO FINAL_MEMBER(NO, NAME, ID, PASSWORD, PHONENUMBER, TYPE, OPENBANKING, VIDEO, IMAGE)
VALUES(seqmember.nextval, '곽도근', 'kwakdk', '1234', '01066679997', '하객', '비동의', 'N', 'N');
INSERT INTO FINAL_MEMBER(NO, NAME, ID, PASSWORD, PHONENUMBER, TYPE, OPENBANKING, VIDEO, IMAGE)
VALUES(seqmember.nextval, '임효준', 'limhj', '1234', '01038839921', '하객', '비동의', 'N', 'N');
INSERT INTO FINAL_MEMBER(NO, NAME, ID, PASSWORD, PHONENUMBER, TYPE, OPENBANKING, VIDEO, IMAGE)
VALUES(seqmember.nextval, '나상일', 'nasangil', '1234', '01022938847', '하객', '비동의', 'N', 'N');
INSERT INTO FINAL_MEMBER(NO, NAME, ID, PASSWORD, PHONENUMBER, TYPE, OPENBANKING, VIDEO, IMAGE)
VALUES(seqmember.nextval, '백찬혁', 'baekch', '1234', '010111122231', '하객', '비동의', 'N', 'N');
INSERT INTO FINAL_MEMBER(NO, NAME, ID, PASSWORD, PHONENUMBER, TYPE, OPENBANKING, VIDEO, IMAGE)
VALUES(seqmember.nextval, '김형수', 'kimhsoo', '1234', '01066612223', '하객', '비동의', 'N', 'N');
INSERT INTO FINAL_MEMBER(NO, NAME, ID, PASSWORD, PHONENUMBER, TYPE, OPENBANKING, VIDEO, IMAGE)
VALUES(seqmember.nextval, '김영덕', 'kim0duck', '1234', '01045454772', '하객', '비동의', 'N', 'N');
INSERT INTO FINAL_MEMBER(NO, NAME, ID, PASSWORD, PHONENUMBER, TYPE, OPENBANKING, VIDEO, IMAGE)
VALUES(seqmember.nextval, '최현철', 'choihc', '1234', '01055112214', '하객', '비동의', 'N', 'N');
INSERT INTO FINAL_MEMBER(NO, NAME, ID, PASSWORD, PHONENUMBER, TYPE, OPENBANKING, VIDEO, IMAGE)
VALUES(seqmember.nextval, '유경재', 'yookj', '1234', '01088872112', '하객', '비동의', 'N', 'N');
INSERT INTO FINAL_MEMBER(NO, NAME, ID, PASSWORD, PHONENUMBER, TYPE, OPENBANKING, VIDEO, IMAGE)
VALUES(seqmember.nextval, '김학균', 'kimhackk', '1234', '01088319900', '하객', '비동의', 'N', 'N');
INSERT INTO FINAL_MEMBER(NO, NAME, ID, PASSWORD, PHONENUMBER, TYPE, OPENBANKING, VIDEO, IMAGE)
VALUES(seqmember.nextval, '김무성', 'kimmusung', '1234', '01017756349', '하객', '비동의', 'N', 'N');
INSERT INTO FINAL_MEMBER(NO, NAME, ID, PASSWORD, PHONENUMBER, TYPE, OPENBANKING, VIDEO, IMAGE)
VALUES(seqmember.nextval, '정동기', 'jungdk', '1234', '01077186665', '하객', '비동의', 'N', 'N');
INSERT INTO FINAL_MEMBER(NO, NAME, ID, PASSWORD, PHONENUMBER, TYPE, OPENBANKING, VIDEO, IMAGE)
VALUES(seqmember.nextval, '박종화', 'parkjonghwa', '1234', '01011155532', '하객', '비동의', 'N', 'N');
INSERT INTO FINAL_MEMBER(NO, NAME, ID, PASSWORD, PHONENUMBER, TYPE, OPENBANKING, VIDEO, IMAGE)
VALUES(seqmember.nextval, '박종범', 'parkjongb', '1234', '01038872122', '하객', '비동의', 'N', 'N');
INSERT INTO FINAL_MEMBER(NO, NAME, ID, PASSWORD, PHONENUMBER, TYPE, OPENBANKING, VIDEO, IMAGE)
VALUES(seqmember.nextval, '정호근', 'junghok', '1234', '01044422987', '하객', '비동의', 'N', 'N');
INSERT INTO FINAL_MEMBER(NO, NAME, ID, PASSWORD, PHONENUMBER, TYPE, OPENBANKING, VIDEO, IMAGE)
VALUES(seqmember.nextval, '이석봉', 'leesukbo', '1234', '01023096645', '하객', '비동의', 'N', 'N');
INSERT INTO FINAL_MEMBER(NO, NAME, ID, PASSWORD, PHONENUMBER, TYPE, OPENBANKING, VIDEO, IMAGE)
VALUES(seqmember.nextval, '황영하', 'hwangyh', '1234', '01033533321', '하객', '비동의', 'N', 'N');
INSERT INTO FINAL_MEMBER(NO, NAME, ID, PASSWORD, PHONENUMBER, TYPE, OPENBANKING, VIDEO, IMAGE)
VALUES(seqmember.nextval, '김동민', 'kimdongmm', '1234', '01031325532', '하객', '비동의', 'N', 'N');
INSERT INTO FINAL_MEMBER(NO, NAME, ID, PASSWORD, PHONENUMBER, TYPE, OPENBANKING, VIDEO, IMAGE)
VALUES(seqmember.nextval, '홍석원', 'hongs1', '1234', '01099918823', '하객', '비동의', 'N', 'N');
INSERT INTO FINAL_MEMBER(NO, NAME, ID, PASSWORD, PHONENUMBER, TYPE, OPENBANKING, VIDEO, IMAGE)
VALUES(seqmember.nextval, '신태양', 'shinsun', '1234', '01033216654', '하객', '비동의', 'N', 'N');
INSERT INTO FINAL_MEMBER(NO, NAME, ID, PASSWORD, PHONENUMBER, TYPE, OPENBANKING, VIDEO, IMAGE)
VALUES(seqmember.nextval, '오세욱', 'ohswook', '1234', '01069998881', '하객', '비동의', 'N', 'N');
INSERT INTO FINAL_MEMBER(NO, NAME, ID, PASSWORD, PHONENUMBER, TYPE, OPENBANKING, VIDEO, IMAGE)
VALUES(seqmember.nextval, '최영환', 'choi0hwan', '1234', '01044149974', '하객', '비동의', 'N', 'N');
INSERT INTO FINAL_MEMBER(NO, NAME, ID, PASSWORD, PHONENUMBER, TYPE, OPENBANKING, VIDEO, IMAGE)
VALUES(seqmember.nextval, '김용걸', 'kimdragon', '1234', '01044433331', '하객', '비동의', 'N', 'N');
INSERT INTO FINAL_MEMBER(NO, NAME, ID, PASSWORD, PHONENUMBER, TYPE, OPENBANKING, VIDEO, IMAGE)
VALUES(seqmember.nextval, '노석원', 'nono', '1234', '01055577744', '하객', '비동의', 'N', 'N');
INSERT INTO FINAL_MEMBER(NO, NAME, ID, PASSWORD, PHONENUMBER, TYPE, OPENBANKING, VIDEO, IMAGE)
VALUES(seqmember.nextval, '채준영', 'chaejuny', '1234', '01099930012', '하객', '비동의', 'N', 'N');
INSERT INTO FINAL_MEMBER(NO, NAME, ID, PASSWORD, PHONENUMBER, TYPE, OPENBANKING, VIDEO, IMAGE)
VALUES(seqmember.nextval, '박세찬', 'parksechan', '1234', '01055522399', '하객', '비동의', 'N', 'N');
INSERT INTO FINAL_MEMBER(NO, NAME, ID, PASSWORD, PHONENUMBER, TYPE, OPENBANKING, VIDEO, IMAGE)
VALUES(seqmember.nextval, '장덕조', 'duckjo', '1234', '01044718881', '하객', '비동의', 'N', 'N');
INSERT INTO FINAL_MEMBER(NO, NAME, ID, PASSWORD, PHONENUMBER, TYPE, OPENBANKING, VIDEO, IMAGE)
VALUES(seqmember.nextval, '정재정', 'jjj', '1234', '01022184221', '하객', '비동의', 'N', 'N');
INSERT INTO FINAL_MEMBER(NO, NAME, ID, PASSWORD, PHONENUMBER, TYPE, OPENBANKING, VIDEO, IMAGE)
VALUES(seqmember.nextval, '권오훈', 'k5hoon', '1234', '01088471122', '하객', '비동의', 'N', 'N');
INSERT INTO FINAL_MEMBER(NO, NAME, ID, PASSWORD, PHONENUMBER, TYPE, OPENBANKING, VIDEO, IMAGE)
VALUES(seqmember.nextval, '김준기', 'kjk', '1234', '01050114980', '하객', '비동의', 'N', 'N');
INSERT INTO FINAL_MEMBER(NO, NAME, ID, PASSWORD, PHONENUMBER, TYPE, OPENBANKING, VIDEO, IMAGE)
VALUES(seqmember.nextval, '이동규', 'leeddy', '1234', '01047357480', '하객', '비동의', 'N', 'N');
INSERT INTO FINAL_MEMBER(NO, NAME, ID, PASSWORD, PHONENUMBER, TYPE, OPENBANKING, VIDEO, IMAGE)
VALUES(seqmember.nextval, '박영춘', '0choon', '1234', '01088817772', '하객', '비동의', 'N', 'N');
INSERT INTO FINAL_MEMBER(NO, NAME, ID, PASSWORD, PHONENUMBER, TYPE, OPENBANKING, VIDEO, IMAGE)
VALUES(seqmember.nextval, '황지호', 'hwanjo', '1234', '01099992771', '하객', '비동의', 'N', 'N');
INSERT INTO FINAL_MEMBER(NO, NAME, ID, PASSWORD, PHONENUMBER, TYPE, OPENBANKING, VIDEO, IMAGE)
VALUES(seqmember.nextval, '장재형', 'jangjae', '1234', '01088688681', '하객', '비동의', 'N', 'N');
INSERT INTO FINAL_MEMBER(NO, NAME, ID, PASSWORD, PHONENUMBER, TYPE, OPENBANKING, VIDEO, IMAGE)
VALUES(seqmember.nextval, '조현우', 'johwoo', '1234', '01099301232', '하객', '비동의', 'N', 'N');
INSERT INTO FINAL_MEMBER(NO, NAME, ID, PASSWORD, PHONENUMBER, TYPE, OPENBANKING, VIDEO, IMAGE)
VALUES(seqmember.nextval, '김보성', 'bobosung', '1234', '01009877774', '하객', '비동의', 'N', 'N');
INSERT INTO FINAL_MEMBER(NO, NAME, ID, PASSWORD, PHONENUMBER, TYPE, OPENBANKING, VIDEO, IMAGE)
VALUES(seqmember.nextval, '김보현', 'bbbo', '1234', '01088320992', '하객', '비동의', 'N', 'N');
INSERT INTO FINAL_MEMBER(NO, NAME, ID, PASSWORD, PHONENUMBER, TYPE, OPENBANKING, VIDEO, IMAGE)
VALUES(seqmember.nextval, '차종학', 'chajj', '1234', '01099266510', '하객', '비동의', 'N', 'N');
INSERT INTO FINAL_MEMBER(NO, NAME, ID, PASSWORD, PHONENUMBER, TYPE, OPENBANKING, VIDEO, IMAGE)
VALUES(seqmember.nextval, '장호철', 'janghoccc', '1234', '01012345532', '하객', '비동의', 'N', 'N');
INSERT INTO FINAL_MEMBER(NO, NAME, ID, PASSWORD, PHONENUMBER, TYPE, OPENBANKING, VIDEO, IMAGE)
VALUES(seqmember.nextval, '변준오', 'byonho', '1234', '01055678913', '하객', '비동의', 'N', 'N');
INSERT INTO FINAL_MEMBER(NO, NAME, ID, PASSWORD, PHONENUMBER, TYPE, OPENBANKING, VIDEO, IMAGE)
VALUES(seqmember.nextval, '윤도일', 'yoondo1', '1234', '01044321352', '하객', '비동의', 'N', 'N');
INSERT INTO FINAL_MEMBER(NO, NAME, ID, PASSWORD, PHONENUMBER, TYPE, OPENBANKING, VIDEO, IMAGE)
VALUES(seqmember.nextval, '이승진', 'wineed', '1234', '01093725112', '하객', '비동의', 'N', 'N');
INSERT INTO FINAL_MEMBER(NO, NAME, ID, PASSWORD, PHONENUMBER, TYPE, OPENBANKING, VIDEO, IMAGE)
VALUES(seqmember.nextval, '김은동', 'gold', '1234', '01016776748', '하객', '비동의', 'N', 'N');
INSERT INTO FINAL_MEMBER(NO, NAME, ID, PASSWORD, PHONENUMBER, TYPE, OPENBANKING, VIDEO, IMAGE)
VALUES(seqmember.nextval, '김한결', 'kimhankk', '1234', '01022321777', '하객', '비동의', 'N', 'N');
INSERT INTO FINAL_MEMBER(NO, NAME, ID, PASSWORD, PHONENUMBER, TYPE, OPENBANKING, VIDEO, IMAGE)
VALUES(seqmember.nextval, '손복주', 'handbok', '1234', '01093721221', '하객', '비동의', 'N', 'N');
INSERT INTO FINAL_MEMBER(NO, NAME, ID, PASSWORD, PHONENUMBER, TYPE, OPENBANKING, VIDEO, IMAGE)
VALUES(seqmember.nextval, '박규태', 'kyutae', '1234', '01025505004', '하객', '비동의', 'N', 'N');
INSERT INTO FINAL_MEMBER(NO, NAME, ID, PASSWORD, PHONENUMBER, TYPE, OPENBANKING, VIDEO, IMAGE)
VALUES(seqmember.nextval, '문석인', 'door', '1234', '01030063822', '하객', '비동의', 'N', 'N');
INSERT INTO FINAL_MEMBER(NO, NAME, ID, PASSWORD, PHONENUMBER, TYPE, OPENBANKING, VIDEO, IMAGE)
VALUES(seqmember.nextval, '김준영', 'kimjjj0', '1234', '01099766221', '하객', '비동의', 'N', 'N');
INSERT INTO FINAL_MEMBER(NO, NAME, ID, PASSWORD, PHONENUMBER, TYPE, OPENBANKING, VIDEO, IMAGE)
VALUES(seqmember.nextval, '이국희', 'leekukhee', '1234', '01000822221', '하객', '비동의', 'N', 'N');
INSERT INTO FINAL_MEMBER(NO, NAME, ID, PASSWORD, PHONENUMBER, TYPE, OPENBANKING, VIDEO, IMAGE)
VALUES(seqmember.nextval, '심찬영', 'shim000', '1234', '01055197576', '하객', '비동의', 'N', 'N');
INSERT INTO FINAL_MEMBER(NO, NAME, ID, PASSWORD, PHONENUMBER, TYPE, OPENBANKING, VIDEO, IMAGE)
VALUES(seqmember.nextval, '조영진', 'jojos0', '1234', '01044222211', '하객', '비동의', 'N', 'N');
INSERT INTO FINAL_MEMBER(NO, NAME, ID, PASSWORD, PHONENUMBER, TYPE, OPENBANKING, VIDEO, IMAGE)
VALUES(seqmember.nextval, '엄지윤', 'umum', '1234', '01011987543', '하객', '비동의', 'N', 'N');
INSERT INTO FINAL_MEMBER(NO, NAME, ID, PASSWORD, PHONENUMBER, TYPE, OPENBANKING, VIDEO, IMAGE)
VALUES(seqmember.nextval, '박예진', 'parkyes', '1234', '01099372779', '하객', '비동의', 'N', 'N');
INSERT INTO FINAL_MEMBER(NO, NAME, ID, PASSWORD, PHONENUMBER, TYPE, OPENBANKING, VIDEO, IMAGE)
VALUES(seqmember.nextval, '오소영', '5soso', '1234', '01077787764', '하객', '비동의', 'N', 'N');
INSERT INTO FINAL_MEMBER(NO, NAME, ID, PASSWORD, PHONENUMBER, TYPE, OPENBANKING, VIDEO, IMAGE)
VALUES(seqmember.nextval, '왕아름', 'kingby', '1234', '01099556464', '하객', '비동의', 'N', 'N');
INSERT INTO FINAL_MEMBER(NO, NAME, ID, PASSWORD, PHONENUMBER, TYPE, OPENBANKING, VIDEO, IMAGE)
VALUES(seqmember.nextval, '송은지', 'sondsil', '1234', '01077788881', '하객', '비동의', 'N', 'N');
INSERT INTO FINAL_MEMBER(NO, NAME, ID, PASSWORD, PHONENUMBER, TYPE, OPENBANKING, VIDEO, IMAGE)
VALUES(seqmember.nextval, '이소현', 'sosohybn', '1234', '01077311111', '하객', '비동의', 'N', 'N');
INSERT INTO FINAL_MEMBER(NO, NAME, ID, PASSWORD, PHONENUMBER, TYPE, OPENBANKING, VIDEO, IMAGE)
VALUES(seqmember.nextval, '이나현', 'nanana', '1234', '01099944411', '하객', '비동의', 'N', 'N');
INSERT INTO FINAL_MEMBER(NO, NAME, ID, PASSWORD, PHONENUMBER, TYPE, OPENBANKING, VIDEO, IMAGE)
VALUES(seqmember.nextval, '이준호', 'jjjjao', '1234', '01088444442', '하객', '비동의', 'N', 'N');
INSERT INTO FINAL_MEMBER(NO, NAME, ID, PASSWORD, PHONENUMBER, TYPE, OPENBANKING, VIDEO, IMAGE)
VALUES(seqmember.nextval, '황인수', 'hkhkhk', '1234', '01099911122', '하객', '비동의', 'N', 'N');
INSERT INTO FINAL_MEMBER(NO, NAME, ID, PASSWORD, PHONENUMBER, TYPE, OPENBANKING, VIDEO, IMAGE)
VALUES(seqmember.nextval, '김태인', 'taetae', '1234', '01022313990', '하객', '비동의', 'N', 'N');
INSERT INTO FINAL_MEMBER(NO, NAME, ID, PASSWORD, PHONENUMBER, TYPE, OPENBANKING, VIDEO, IMAGE)
VALUES(seqmember.nextval, '위승배', 'wewew', '1234', '01019917771', '하객', '비동의', 'N', 'N');

CREATE SEQUENCE seqmember;
DROP SEQUENCE seqmember;

COMMIT;

SELECT * FROM FINAL_MEMBER WHERE TYPE = '신부';

UPDATE FINAL_MEMBER SET TYPE = '하객' WHERE TYPE = '신부';

UPDATE FINAL_MEMBER SET TYPE = '하객' WHERE TYPE = '신랑';

COMMIT;

SELECT * FROM FINAL_MEMBER WHERE VIDEO = 'N';

SELECT * FROM FINAL_MEMBER WHERE VIDEO = 'Y';

UPDATE FINAL_MEMBER SET VIDEO = 'N' WHERE VIDEO = 'Y';

commit;

ALTER TABLE Final_Member ADD TYPE VARCHAR2(10) DEFAULT 'G' NOT NULL;



DELETE FROM FINAL_MEMBER WHERE ID = 'sample';
    
commit;

CREATE TABLE BK_BOARD(
    NO NUMBER(20),
    TITLE VARCHAR2(30),
    CONTENT VARCHAR2(200),
    WRITER VARCHAR2(30),
    REGDATE DATE DEFAULT SYSDATE,
    VIEWCNT NUMBER(20) DEFAULT 0,
    REPLYCNT NUMBER(20) DEFAULT 0
);

DROP TABLE BK_BOARD;

SELECT * FROM BK_BOARD;

INSERT INTO BK_BOARD(NO, TITLE, CONTENT, WRITER, REGDATE, VIEWCNT) VALUES(seqbkboard.nextval, '게시판', '안녕하세요', '김병관', SYSDATE, 2);

CREATE SEQUENCE SEQBKBOARD;

COMMIT;

CREATE TABLE BK_REPLY_BOARD(
    NO NUMBER(20),
    BOARD_NO VARCHAR2(30),
    CONTENT VARCHAR2(200),
    WRITER VARCHAR2(30),
    REGDATE DATE DEFAULT SYSDATE
);

DROP TABLE BK_REPLY_BOARD;

SELECT * FROM BK_REPLY_BOARD;

select * from user_sequences;

CREATE TABLE FINAL_ACCOUNT(
    NAME VARCHAR2(50),
    PHONE_NUMBER VARCHAR2(50),
    ACCOUNT_NUMBER VARCHAR2(50),
    ACCOUNT_PASSWORD VARCHAR2(30),
    BANK_CODE VARCHAR2(20) DEFAULT '2',
    BANK_REG_DATE VARCHAR2(50) DEFAULT TO_CHAR(SYSDATE,'YYYY-MM-DD HH:MI:SS'),
    BALANCE NUMBER(30),
    BANK_ALIAS VARCHAR2(40),
    TRANSFER_LIMIT NUMBER(30),
    HANA_POINT NUMBER(30) DEFAULT 0,
    NEW_ACCOUNT VARCHAR2(30) DEFAULT 'N',
    OPEN_BANKING VARCHAR2(30) DEFAULT '비동의'
);

SELECT * FROM FINAL_ACCOUNT;

ALTER TABLE FINAL_ACCOUNT RENAME COLUMN NEW_SUBSCRIBE to NEW_ACCOUNT;

COMMIT;

select * from final_account 
		where phone_number = '01011112222';
        
SELECT * FROM FINAL_MEMBER WHERE NAME = '최덕재';

SELECT * FROM FINAL_ACCOUNT WHERE ACCOUNT_NUMBER = '2-103114-23278';

SELECT * FROM FINAL_ACCOUNT WHERE PHONE_NUMBER = '01077106366';



SELECT * FROM FINAL_ACCOUNT WHERE NAME = '김병관';

SELECT * FROM FINAL_MEMBER WHERE NAME = '김병관';

UPDATE FINAL_ACCOUNT SET HANA_POINT = 0 WHERE NAME = '김병관';

UPDATE FINAL_MEMBER SET HANAPOINT = 0 WHERE NAME = '김병관';

UPDATE FINAL_MEMBER SET NEWACCOUNT = 'N' WHERE NAME = '김병관';

UPDATE FINAL_ACCOUNT SET NEW_ACCOUNT = 'N' WHERE NAME = '김병관';

COMMIT;

		SELECT (A.TRAN_AMOUNT * 0.03) as HANAPOINT, (B.NAME) AS NAME,
		(B.PHONENUMBER) AS PHONENUMBER
		FROM FINAL_TRANSACTION_HISTORY A,
		FINAL_MEMBER B
		WHERE A.WITHDRAWAL_PHONE_NUMBER = '01077106366' AND
		B.NEWACCOUNT = 'Y';






COMMIT;




ALTER TABLE FINAL_ACCOUNT ADD OPEN_BANKING VARCHAR2(30) DEFAULT '비동의';



COMMIT;

----기준
INSERT INTO FINAL_ACCOUNT(NAME, PHONE_NUMBER, ACCOUNT_NUMBER, ACCOUNT_PASSWORD, BALANCE, BANK_ALIAS, TRANSFER_LIMIT)
VALUES('관리자', '01077777777', '2-98103-92172' , '1234', 1000000, '취업', 500000000);


INSERT INTO FINAL_ACCOUNT(NAME, PHONE_NUMBER, ACCOUNT_NUMBER, ACCOUNT_PASSWORD, BALANCE, BANK_ALIAS, TRANSFER_LIMIT)
VALUES('김병관', '01077106366', '2-74201-58451', '1234', 40000000, '취업', 500000000);

INSERT INTO FINAL_ACCOUNT(NAME, PHONE_NUMBER, ACCOUNT_NUMBER, ACCOUNT_PASSWORD, BALANCE, BANK_ALIAS, TRANSFER_LIMIT)
VALUES('이신부', '01088888888', '2-68204-14257', '1234', 2000000, '취업', 10000000);
INSERT INTO FINAL_ACCOUNT(NAME, PHONE_NUMBER, ACCOUNT_NUMBER, ACCOUNT_PASSWORD, BALANCE, BANK_ALIAS, TRANSFER_LIMIT)
VALUES('김신랑', '01099999999', '2-00102-63246', '1234', 7000000, '취업', 10000000);
INSERT INTO FINAL_ACCOUNT(NAME, PHONE_NUMBER, ACCOUNT_NUMBER, ACCOUNT_PASSWORD, BALANCE, BANK_ALIAS, TRANSFER_LIMIT)
VALUES('조재희', '01029523679', '2-54652-76588', '1234', 50000000, '취업', 10000000);
INSERT INTO FINAL_ACCOUNT(NAME, PHONE_NUMBER, ACCOUNT_NUMBER, ACCOUNT_PASSWORD, BALANCE, BANK_ALIAS, TRANSFER_LIMIT)
VALUES('최덕재', '01011112222', '2-02589-77456', '1234', 2000000, '취업', 500000000);
INSERT INTO FINAL_ACCOUNT(NAME, PHONE_NUMBER, ACCOUNT_NUMBER, ACCOUNT_PASSWORD, BALANCE, BANK_ALIAS, TRANSFER_LIMIT)
VALUES('전형진', '01022223333', '2-36665-32164', '1234', 60000000, '취업', 10000000);

commit;

INSERT INTO FINAL_ACCOUNT(NAME, PHONE_NUMBER, ACCOUNT_NUMBER, ACCOUNT_PASSWORD, BALANCE, BANK_ALIAS, TRANSFER_LIMIT)
VALUES('박지훈', '01034345656', '2-52166-25463', '1234', 7000000, '취업', 10000000);
INSERT INTO FINAL_ACCOUNT(NAME, PHONE_NUMBER, ACCOUNT_NUMBER, ACCOUNT_PASSWORD, BALANCE, BANK_ALIAS, TRANSFER_LIMIT)
VALUES('김선영', '01087875656', '2-64044-64642', '1234', 2000000, '식비', 10000000);
INSERT INTO FINAL_ACCOUNT(NAME, PHONE_NUMBER, ACCOUNT_NUMBER, ACCOUNT_PASSWORD, BALANCE, BANK_ALIAS, TRANSFER_LIMIT)
VALUES('정의정', '01022335656', '2-98052-13524', '1234', 60000000, '취업', 500000000);
INSERT INTO FINAL_ACCOUNT(NAME, PHONE_NUMBER, ACCOUNT_NUMBER, ACCOUNT_PASSWORD, BALANCE, BANK_ALIAS, TRANSFER_LIMIT)
VALUES('박수민', '01077795656', '2-00120-32154', '1234', 40000000, '식비', 10000000);
INSERT INTO FINAL_ACCOUNT(NAME, PHONE_NUMBER, ACCOUNT_NUMBER, ACCOUNT_PASSWORD, BALANCE, BANK_ALIAS, TRANSFER_LIMIT)
VALUES('박현성', '01077796661', '2-98232-11124', '1234', 2000000, '적금', 30000000);
INSERT INTO FINAL_ACCOUNT(NAME, PHONE_NUMBER, ACCOUNT_NUMBER, ACCOUNT_PASSWORD, BALANCE, BANK_ALIAS, TRANSFER_LIMIT)
VALUES('신지원', '01033226661', '2-00145-31325', '1234', 2000000, '취업', 500000000);
INSERT INTO FINAL_ACCOUNT(NAME, PHONE_NUMBER, ACCOUNT_NUMBER, ACCOUNT_PASSWORD, BALANCE, BANK_ALIAS, TRANSFER_LIMIT)
VALUES('박수혁', '01022126661', '2-79750-98547', '1234', 7000000, '적금', 10000000);
INSERT INTO FINAL_ACCOUNT(NAME, PHONE_NUMBER, ACCOUNT_NUMBER, ACCOUNT_PASSWORD, BALANCE, BANK_ALIAS, TRANSFER_LIMIT)
VALUES('이정환', '01099016661', '2-08888-33265', '1234', 40000000, '적금', 30000000);
INSERT INTO FINAL_ACCOUNT(NAME, PHONE_NUMBER, ACCOUNT_NUMBER, ACCOUNT_PASSWORD, BALANCE, BANK_ALIAS, TRANSFER_LIMIT)
VALUES('박준영', '01033229666', '2-04454-54454', '1234', 2000000, '식비', 500000000);
INSERT INTO FINAL_ACCOUNT(NAME, PHONE_NUMBER, ACCOUNT_NUMBER, ACCOUNT_PASSWORD, BALANCE, BANK_ALIAS, TRANSFER_LIMIT)
VALUES('정선', '01088655543', '2-45112-32221', '1234', 60000000, '취업', 10000000);
INSERT INTO FINAL_ACCOUNT(NAME, PHONE_NUMBER, ACCOUNT_NUMBER, ACCOUNT_PASSWORD, BALANCE, BANK_ALIAS, TRANSFER_LIMIT)
VALUES('구이경', '01066519666', '2-69808-55411', '1234', 2000000, '적금', 10000000);
INSERT INTO FINAL_ACCOUNT(NAME, PHONE_NUMBER, ACCOUNT_NUMBER, ACCOUNT_PASSWORD, BALANCE, BANK_ALIAS, TRANSFER_LIMIT)
VALUES('진수민', '01077090099', '2-85688-31118', '1234', 40000000, '식비', 500000000);
INSERT INTO FINAL_ACCOUNT(NAME, PHONE_NUMBER, ACCOUNT_NUMBER, ACCOUNT_PASSWORD, BALANCE, BANK_ALIAS, TRANSFER_LIMIT)
VALUES('김윤호', '01011225366', '2-08778-66795', '1234', 60000000, '적금', 10000000);
INSERT INTO FINAL_ACCOUNT(NAME, PHONE_NUMBER, ACCOUNT_NUMBER, ACCOUNT_PASSWORD, BALANCE, BANK_ALIAS, TRANSFER_LIMIT)
VALUES('서유경', '01022414423', '2-98563-11411', '1234', 2000000, '취업', 10000000);
INSERT INTO FINAL_ACCOUNT(NAME, PHONE_NUMBER, ACCOUNT_NUMBER, ACCOUNT_PASSWORD, BALANCE, BANK_ALIAS, TRANSFER_LIMIT)
VALUES('김창대', '01047747334', '2-08775-33233', '1234', 7000000, '식비', 500000000);
INSERT INTO FINAL_ACCOUNT(NAME, PHONE_NUMBER, ACCOUNT_NUMBER, ACCOUNT_PASSWORD, BALANCE, BANK_ALIAS, TRANSFER_LIMIT)
VALUES('김지환', '01023698964', '2-77747-66587', '1234', 40000000, '적금', 10000000);
INSERT INTO FINAL_ACCOUNT(NAME, PHONE_NUMBER, ACCOUNT_NUMBER, ACCOUNT_PASSWORD, BALANCE, BANK_ALIAS, TRANSFER_LIMIT)
VALUES('한진규', '01055642112', '2-74450-33218', '1234', 60000000, '취업', 10000000);
INSERT INTO FINAL_ACCOUNT(NAME, PHONE_NUMBER, ACCOUNT_NUMBER, ACCOUNT_PASSWORD, BALANCE, BANK_ALIAS, TRANSFER_LIMIT)
VALUES('이건우', '01099951032', '2-32210-97648', '1234', 7000000, '식비', 500000000);
INSERT INTO FINAL_ACCOUNT(NAME, PHONE_NUMBER, ACCOUNT_NUMBER, ACCOUNT_PASSWORD, BALANCE, BANK_ALIAS, TRANSFER_LIMIT)
VALUES('김종인', '01066688881', '2-85555-66663', '1234', 40000000, '적금', 30000000);
INSERT INTO FINAL_ACCOUNT(NAME, PHONE_NUMBER, ACCOUNT_NUMBER, ACCOUNT_PASSWORD, BALANCE, BANK_ALIAS, TRANSFER_LIMIT)
VALUES('김능효', '01022311144', '2-55505-11115', '1234', 2000000, '적금', 500000000);
INSERT INTO FINAL_ACCOUNT(NAME, PHONE_NUMBER, ACCOUNT_NUMBER, ACCOUNT_PASSWORD, BALANCE, BANK_ALIAS, TRANSFER_LIMIT)
VALUES('고건희', '01011299973', '2-99599-33256', '1234', 2000000, '취업', 10000000);
INSERT INTO FINAL_ACCOUNT(NAME, PHONE_NUMBER, ACCOUNT_NUMBER, ACCOUNT_PASSWORD, BALANCE, BANK_ALIAS, TRANSFER_LIMIT)
VALUES('신용욱', '01055499984', '2-41332-77787', '1234', 60000000, '식비', 30000000);
INSERT INTO FINAL_ACCOUNT(NAME, PHONE_NUMBER, ACCOUNT_NUMBER, ACCOUNT_PASSWORD, BALANCE, BANK_ALIAS, TRANSFER_LIMIT)
VALUES('조도연', '01000209992', '2-55000-99865', '1234', 40000000, '적금', 500000000);
INSERT INTO FINAL_ACCOUNT(NAME, PHONE_NUMBER, ACCOUNT_NUMBER, ACCOUNT_PASSWORD, BALANCE, BANK_ALIAS, TRANSFER_LIMIT)
VALUES('김태양', '01077764443', '2-00412-33788', '1234', 7000000, '투자', 10000000);
INSERT INTO FINAL_ACCOUNT(NAME, PHONE_NUMBER, ACCOUNT_NUMBER, ACCOUNT_PASSWORD, BALANCE, BANK_ALIAS, TRANSFER_LIMIT)
VALUES('신대근', '01033397773', '2-95556-11991', '1234', 2000000, '취업', 30000000);
INSERT INTO FINAL_ACCOUNT(NAME, PHONE_NUMBER, ACCOUNT_NUMBER, ACCOUNT_PASSWORD, BALANCE, BANK_ALIAS, TRANSFER_LIMIT)
VALUES('조동환', '01019918832', '2-33344-77977', '1234', 40000000, '투자', 500000000);
INSERT INTO FINAL_ACCOUNT(NAME, PHONE_NUMBER, ACCOUNT_NUMBER, ACCOUNT_PASSWORD, BALANCE, BANK_ALIAS, TRANSFER_LIMIT)
VALUES('박성균', '01077199912', '2-77440-15546', '1234', 2000000, '취업', 10000000);
INSERT INTO FINAL_ACCOUNT(NAME, PHONE_NUMBER, ACCOUNT_NUMBER, ACCOUNT_PASSWORD, BALANCE, BANK_ALIAS, TRANSFER_LIMIT)
VALUES('김은현', '01022338889', '2-55098-64886', '1234', 2000000, '적금', 500000000);
INSERT INTO FINAL_ACCOUNT(NAME, PHONE_NUMBER, ACCOUNT_NUMBER, ACCOUNT_PASSWORD, BALANCE, BANK_ALIAS, TRANSFER_LIMIT)
VALUES('양재훈', '01011553343', '2-98504-33175', '1234', 40000000, '취업', 30000000);
INSERT INTO FINAL_ACCOUNT(NAME, PHONE_NUMBER, ACCOUNT_NUMBER, ACCOUNT_PASSWORD, BALANCE, BANK_ALIAS, TRANSFER_LIMIT)
VALUES('정영범', '01044293382', '2-32880-69874', '1234', 2000000, '식비', 10000000);
INSERT INTO FINAL_ACCOUNT(NAME, PHONE_NUMBER, ACCOUNT_NUMBER, ACCOUNT_PASSWORD, BALANCE, BANK_ALIAS, TRANSFER_LIMIT)
VALUES('이륭희', '01088829992', '2-00244-31555', '1234', 7000000, '취업', 30000000);
INSERT INTO FINAL_ACCOUNT(NAME, PHONE_NUMBER, ACCOUNT_NUMBER, ACCOUNT_PASSWORD, BALANCE, BANK_ALIAS, TRANSFER_LIMIT)
VALUES('이국희', '01000822221', '2-79888-55899', '1234', 40000000, '식비', 500000000);
INSERT INTO FINAL_ACCOUNT(NAME, PHONE_NUMBER, ACCOUNT_NUMBER, ACCOUNT_PASSWORD, BALANCE, BANK_ALIAS, TRANSFER_LIMIT)
VALUES('정태양', '01033377781', '2-66549-66455', '1234', 60000000, '취업', 10000000);
INSERT INTO FINAL_ACCOUNT(NAME, PHONE_NUMBER, ACCOUNT_NUMBER, ACCOUNT_PASSWORD, BALANCE, BANK_ALIAS, TRANSFER_LIMIT)
VALUES('곽도근', '01066679997', '2-55554-11777', '1234', 40000000, '식비', 30000000);
INSERT INTO FINAL_ACCOUNT(NAME, PHONE_NUMBER, ACCOUNT_NUMBER, ACCOUNT_PASSWORD, BALANCE, BANK_ALIAS, TRANSFER_LIMIT)
VALUES('임효준', '01038839921', '2-11254-99988', '1234', 7000000, '적금', 500000000);
INSERT INTO FINAL_ACCOUNT(NAME, PHONE_NUMBER, ACCOUNT_NUMBER, ACCOUNT_PASSWORD, BALANCE, BANK_ALIAS, TRANSFER_LIMIT)
VALUES('나상일', '01022938847', '2-77857-66644', '1234', 2000000, '식비', 10000000);
INSERT INTO FINAL_ACCOUNT(NAME, PHONE_NUMBER, ACCOUNT_NUMBER, ACCOUNT_PASSWORD, BALANCE, BANK_ALIAS, TRANSFER_LIMIT)
VALUES('백찬혁', '01011112223', '2-32538-77744', '1234', 40000000, '취업', 30000000);
INSERT INTO FINAL_ACCOUNT(NAME, PHONE_NUMBER, ACCOUNT_NUMBER, ACCOUNT_PASSWORD, BALANCE, BANK_ALIAS, TRANSFER_LIMIT)
VALUES('김형수', '01066612223', '2-22254-44588', '1234', 7000000, '적금', 500000000);
INSERT INTO FINAL_ACCOUNT(NAME, PHONE_NUMBER, ACCOUNT_NUMBER, ACCOUNT_PASSWORD, BALANCE, BANK_ALIAS, TRANSFER_LIMIT)
VALUES('김영덕', '01045454772', '2-11981-99883', '1234', 2000000, '취업', 10000000);
INSERT INTO FINAL_ACCOUNT(NAME, PHONE_NUMBER, ACCOUNT_NUMBER, ACCOUNT_PASSWORD, BALANCE, BANK_ALIAS, TRANSFER_LIMIT)
VALUES('최현철', '01055112214', '2-65977-33156', '1234', 60000000, '투자', 500000000);
INSERT INTO FINAL_ACCOUNT(NAME, PHONE_NUMBER, ACCOUNT_NUMBER, ACCOUNT_PASSWORD, BALANCE, BANK_ALIAS, TRANSFER_LIMIT)
VALUES('유경재', '01088872112', '2-02498-32154', '1234', 40000000, '식비', 10000000);
INSERT INTO FINAL_ACCOUNT(NAME, PHONE_NUMBER, ACCOUNT_NUMBER, ACCOUNT_PASSWORD, BALANCE, BANK_ALIAS, TRANSFER_LIMIT)
VALUES('김학균', '01088319900', '2-66548-66555', '1234', 7000000, '투자', 500000000);
INSERT INTO FINAL_ACCOUNT(NAME, PHONE_NUMBER, ACCOUNT_NUMBER, ACCOUNT_PASSWORD, BALANCE, BANK_ALIAS, TRANSFER_LIMIT)
VALUES('김무성', '01017756349', '2-46644-11302', '1234', 2000000, '식비', 30000000);
INSERT INTO FINAL_ACCOUNT(NAME, PHONE_NUMBER, ACCOUNT_NUMBER, ACCOUNT_PASSWORD, BALANCE, BANK_ALIAS, TRANSFER_LIMIT)
VALUES('정동기', '01077186665', '2-23433-02546', '1234', 40000000, '취업', 10000000);
INSERT INTO FINAL_ACCOUNT(NAME, PHONE_NUMBER, ACCOUNT_NUMBER, ACCOUNT_PASSWORD, BALANCE, BANK_ALIAS, TRANSFER_LIMIT)
VALUES('박종화', '01011155532', '2-36669-98604', '1234', 40000000, '식비', 30000000);
INSERT INTO FINAL_ACCOUNT(NAME, PHONE_NUMBER, ACCOUNT_NUMBER, ACCOUNT_PASSWORD, BALANCE, BANK_ALIAS, TRANSFER_LIMIT)
VALUES('박종범', '01038872122', '2-45558-06579', '1234', 2000000, '적금', 500000000);
INSERT INTO FINAL_ACCOUNT(NAME, PHONE_NUMBER, ACCOUNT_NUMBER, ACCOUNT_PASSWORD, BALANCE, BANK_ALIAS, TRANSFER_LIMIT)
VALUES('정호근', '01044422987', '2-77977-65411', '1234', 7000000, '취업', 10000000);
INSERT INTO FINAL_ACCOUNT(NAME, PHONE_NUMBER, ACCOUNT_NUMBER, ACCOUNT_PASSWORD, BALANCE, BANK_ALIAS, TRANSFER_LIMIT)
VALUES('이석봉', '01023096645', '2-71111-00056', '1234', 60000000, '식비', 30000000);
INSERT INTO FINAL_ACCOUNT(NAME, PHONE_NUMBER, ACCOUNT_NUMBER, ACCOUNT_PASSWORD, BALANCE, BANK_ALIAS, TRANSFER_LIMIT)
VALUES('황영하', '01033533321', '2-46666-98504', '1234', 40000000, '식비', 500000000);
INSERT INTO FINAL_ACCOUNT(NAME, PHONE_NUMBER, ACCOUNT_NUMBER, ACCOUNT_PASSWORD, BALANCE, BANK_ALIAS, TRANSFER_LIMIT)
VALUES('김동민', '01031325532', '2-95551-07000', '1234', 2000000, '취업', 10000000);
INSERT INTO FINAL_ACCOUNT(NAME, PHONE_NUMBER, ACCOUNT_NUMBER, ACCOUNT_PASSWORD, BALANCE, BANK_ALIAS, TRANSFER_LIMIT)
VALUES('홍석원', '01099918823', '2-11101-03588', '1234', 7000000, '적금', 30000000);
INSERT INTO FINAL_ACCOUNT(NAME, PHONE_NUMBER, ACCOUNT_NUMBER, ACCOUNT_PASSWORD, BALANCE, BANK_ALIAS, TRANSFER_LIMIT)
VALUES('신태양', '01033216654', '2-00212-66507', '1234', 40000000, '식비', 10000000);
INSERT INTO FINAL_ACCOUNT(NAME, PHONE_NUMBER, ACCOUNT_NUMBER, ACCOUNT_PASSWORD, BALANCE, BANK_ALIAS, TRANSFER_LIMIT)
VALUES('오세욱', '01069998881', '2-00897-11407', '1234', 2000000, '투자', 500000000);
INSERT INTO FINAL_ACCOUNT(NAME, PHONE_NUMBER, ACCOUNT_NUMBER, ACCOUNT_PASSWORD, BALANCE, BANK_ALIAS, TRANSFER_LIMIT)
VALUES('최영환', '01044149974', '2-89750-22202', '1234', 40000000, '취업', 30000000);
INSERT INTO FINAL_ACCOUNT(NAME, PHONE_NUMBER, ACCOUNT_NUMBER, ACCOUNT_PASSWORD, BALANCE, BANK_ALIAS, TRANSFER_LIMIT)
VALUES('김용걸', '01044433331', '2-02462-22102', '1234', 7000000, '식비', 500000000);
INSERT INTO FINAL_ACCOUNT(NAME, PHONE_NUMBER, ACCOUNT_NUMBER, ACCOUNT_PASSWORD, BALANCE, BANK_ALIAS, TRANSFER_LIMIT)
VALUES('노석원', '01055577744', '2-78887-98660', '1234', 60000000, '식비', 30000000);
INSERT INTO FINAL_ACCOUNT(NAME, PHONE_NUMBER, ACCOUNT_NUMBER, ACCOUNT_PASSWORD, BALANCE, BANK_ALIAS, TRANSFER_LIMIT)
VALUES('채준영', '01099930012', '2-66560-44208', '1234', 40000000, '취업', 30000000);
INSERT INTO FINAL_ACCOUNT(NAME, PHONE_NUMBER, ACCOUNT_NUMBER, ACCOUNT_PASSWORD, BALANCE, BANK_ALIAS, TRANSFER_LIMIT)
VALUES('박세찬', '01055522399', '2-97669-66412', '1234', 7000000, '적금', 500000000);
INSERT INTO FINAL_ACCOUNT(NAME, PHONE_NUMBER, ACCOUNT_NUMBER, ACCOUNT_PASSWORD, BALANCE, BANK_ALIAS, TRANSFER_LIMIT)
VALUES('장덕조', '01044718881', '2-11141-99989', '1234', 2000000, '취업', 30000000);
INSERT INTO FINAL_ACCOUNT(NAME, PHONE_NUMBER, ACCOUNT_NUMBER, ACCOUNT_PASSWORD, BALANCE, BANK_ALIAS, TRANSFER_LIMIT)
VALUES('정재정', '01022184221', '2-22122-33320', '1234', 40000000, '식비', 500000000);
INSERT INTO FINAL_ACCOUNT(NAME, PHONE_NUMBER, ACCOUNT_NUMBER, ACCOUNT_PASSWORD, BALANCE, BANK_ALIAS, TRANSFER_LIMIT)
VALUES('권오훈', '01088471122', '2-08858-31302', '1234', 7000000, '적금', 10000000);
INSERT INTO FINAL_ACCOUNT(NAME, PHONE_NUMBER, ACCOUNT_NUMBER, ACCOUNT_PASSWORD, BALANCE, BANK_ALIAS, TRANSFER_LIMIT)
VALUES('김준기', '01050114980', '2-64559-68954', '1234', 40000000, '식비', 500000000);
INSERT INTO FINAL_ACCOUNT(NAME, PHONE_NUMBER, ACCOUNT_NUMBER, ACCOUNT_PASSWORD, BALANCE, BANK_ALIAS, TRANSFER_LIMIT)
VALUES('이동규', '01047357480', '2-03132-02156', '1234', 7000000, '취업', 500000000);
INSERT INTO FINAL_ACCOUNT(NAME, PHONE_NUMBER, ACCOUNT_NUMBER, ACCOUNT_PASSWORD, BALANCE, BANK_ALIAS, TRANSFER_LIMIT)
VALUES('박영춘', '01088817772', '2-54687-98904', '1234', 60000000, '취업', 30000000);
INSERT INTO FINAL_ACCOUNT(NAME, PHONE_NUMBER, ACCOUNT_NUMBER, ACCOUNT_PASSWORD, BALANCE, BANK_ALIAS, TRANSFER_LIMIT)
VALUES('황지호', '01099992771', '2-00050-66663', '1234', 40000000, '식비', 30000000);
INSERT INTO FINAL_ACCOUNT(NAME, PHONE_NUMBER, ACCOUNT_NUMBER, ACCOUNT_PASSWORD, BALANCE, BANK_ALIAS, TRANSFER_LIMIT)
VALUES('장재형', '01088688681', '2-77854-00465', '1234', 7000000, '식비', 10000000);
INSERT INTO FINAL_ACCOUNT(NAME, PHONE_NUMBER, ACCOUNT_NUMBER, ACCOUNT_PASSWORD, BALANCE, BANK_ALIAS, TRANSFER_LIMIT)
VALUES('조현우', '01099301232', '2-44622-66529', '1234', 2000000, '식비', 10000000);
INSERT INTO FINAL_ACCOUNT(NAME, PHONE_NUMBER, ACCOUNT_NUMBER, ACCOUNT_PASSWORD, BALANCE, BANK_ALIAS, TRANSFER_LIMIT)
VALUES('김보성', '01009877774', '2-22888-30798', '1234', 40000000, '취업', 500000000);
INSERT INTO FINAL_ACCOUNT(NAME, PHONE_NUMBER, ACCOUNT_NUMBER, ACCOUNT_PASSWORD, BALANCE, BANK_ALIAS, TRANSFER_LIMIT)
VALUES('김보현', '01088320992', '2-88599-64025', '1234', 2000000, '식비', 10000000);
INSERT INTO FINAL_ACCOUNT(NAME, PHONE_NUMBER, ACCOUNT_NUMBER, ACCOUNT_PASSWORD, BALANCE, BANK_ALIAS, TRANSFER_LIMIT)
VALUES('차종학', '01099266510', '2-77707-00054', '1234', 40000000, '식비', 500000000);
INSERT INTO FINAL_ACCOUNT(NAME, PHONE_NUMBER, ACCOUNT_NUMBER, ACCOUNT_PASSWORD, BALANCE, BANK_ALIAS, TRANSFER_LIMIT)
VALUES('장호철', '01012345532', '2-79658-95100', '1234', 7000000, '취업', 500000000);
INSERT INTO FINAL_ACCOUNT(NAME, PHONE_NUMBER, ACCOUNT_NUMBER, ACCOUNT_PASSWORD, BALANCE, BANK_ALIAS, TRANSFER_LIMIT)
VALUES('변준오', '01055678913', '2-55864-76405', '1234', 40000000, '식비', 30000000);
INSERT INTO FINAL_ACCOUNT(NAME, PHONE_NUMBER, ACCOUNT_NUMBER, ACCOUNT_PASSWORD, BALANCE, BANK_ALIAS, TRANSFER_LIMIT)
VALUES('윤도일', '01044321352', '2-31322-60255', '1234', 60000000, '취업', 30000000);
INSERT INTO FINAL_ACCOUNT(NAME, PHONE_NUMBER, ACCOUNT_NUMBER, ACCOUNT_PASSWORD, BALANCE, BANK_ALIAS, TRANSFER_LIMIT)
VALUES('이승진', '01093725112', '2-38795-65884', '1234', 40000000, '적금', 10000000);
INSERT INTO FINAL_ACCOUNT(NAME, PHONE_NUMBER, ACCOUNT_NUMBER, ACCOUNT_PASSWORD, BALANCE, BANK_ALIAS, TRANSFER_LIMIT)
VALUES('김은동', '01016776748', '2-02468-33350', '1234', 2000000, '적금', 500000000);
INSERT INTO FINAL_ACCOUNT(NAME, PHONE_NUMBER, ACCOUNT_NUMBER, ACCOUNT_PASSWORD, BALANCE, BANK_ALIAS, TRANSFER_LIMIT)
VALUES('김한결', '01022321777', '2-65809-44100', '1234', 40000000, '취업', 10000000);
INSERT INTO FINAL_ACCOUNT(NAME, PHONE_NUMBER, ACCOUNT_NUMBER, ACCOUNT_PASSWORD, BALANCE, BANK_ALIAS, TRANSFER_LIMIT)
VALUES('손복주', '01093721221', '2-44130-20201', '1234', 2000000, '식비', 500000000);
INSERT INTO FINAL_ACCOUNT(NAME, PHONE_NUMBER, ACCOUNT_NUMBER, ACCOUNT_PASSWORD, BALANCE, BANK_ALIAS, TRANSFER_LIMIT)
VALUES('박규태', '01025505004', '2-16523-30358', '1234', 40000000, '적금', 30000000);
INSERT INTO FINAL_ACCOUNT(NAME, PHONE_NUMBER, ACCOUNT_NUMBER, ACCOUNT_PASSWORD, BALANCE, BANK_ALIAS, TRANSFER_LIMIT)
VALUES('문석인', '01030063822', '2-98563-66251', '1234', 7000000, '취업', 10000000);
INSERT INTO FINAL_ACCOUNT(NAME, PHONE_NUMBER, ACCOUNT_NUMBER, ACCOUNT_PASSWORD, BALANCE, BANK_ALIAS, TRANSFER_LIMIT)
VALUES('김준영', '01099766221', '2-09099-06465', '1234', 40000000, '식비', 500000000);
INSERT INTO FINAL_ACCOUNT(NAME, PHONE_NUMBER, ACCOUNT_NUMBER, ACCOUNT_PASSWORD, BALANCE, BANK_ALIAS, TRANSFER_LIMIT)
VALUES('이국희', '01000822221', '2-99500-54425', '1234', 2000000, '적금', 10000000);
INSERT INTO FINAL_ACCOUNT(NAME, PHONE_NUMBER, ACCOUNT_NUMBER, ACCOUNT_PASSWORD, BALANCE, BANK_ALIAS, TRANSFER_LIMIT)
VALUES('심찬영', '01055197576', '2-46857-55151', '1234', 60000000, '취업', 500000000);
INSERT INTO FINAL_ACCOUNT(NAME, PHONE_NUMBER, ACCOUNT_NUMBER, ACCOUNT_PASSWORD, BALANCE, BANK_ALIAS, TRANSFER_LIMIT)
VALUES('조영진', '01044222211', '2-00135-12022', '1234', 40000000, '식비', 10000000);
INSERT INTO FINAL_ACCOUNT(NAME, PHONE_NUMBER, ACCOUNT_NUMBER, ACCOUNT_PASSWORD, BALANCE, BANK_ALIAS, TRANSFER_LIMIT)
VALUES('엄지윤', '01011987543', '2-91111-02588', '1234', 2000000, '취업', 500000000);
INSERT INTO FINAL_ACCOUNT(NAME, PHONE_NUMBER, ACCOUNT_NUMBER, ACCOUNT_PASSWORD, BALANCE, BANK_ALIAS, TRANSFER_LIMIT)
VALUES('박예진', '01099372779', '2-11688-04645', '1234', 40000000, '적금', 30000000);
INSERT INTO FINAL_ACCOUNT(NAME, PHONE_NUMBER, ACCOUNT_NUMBER, ACCOUNT_PASSWORD, BALANCE, BANK_ALIAS, TRANSFER_LIMIT)
VALUES('오소영', '01077787764', '2-55588-44985', '1234', 7000000, '식비', 500000000);
INSERT INTO FINAL_ACCOUNT(NAME, PHONE_NUMBER, ACCOUNT_NUMBER, ACCOUNT_PASSWORD, BALANCE, BANK_ALIAS, TRANSFER_LIMIT)
VALUES('왕아름', '01099556464', '2-66633-40130', '1234', 2000000, '취업', 10000000);
INSERT INTO FINAL_ACCOUNT(NAME, PHONE_NUMBER, ACCOUNT_NUMBER, ACCOUNT_PASSWORD, BALANCE, BANK_ALIAS, TRANSFER_LIMIT)
VALUES('송은지', '01077788881', '2-64556-25014', '1234', 7000000, '적금', 500000000);
INSERT INTO FINAL_ACCOUNT(NAME, PHONE_NUMBER, ACCOUNT_NUMBER, ACCOUNT_PASSWORD, BALANCE, BANK_ALIAS, TRANSFER_LIMIT)
VALUES('이소현', '01077311111', '2-33323-92014', '1234', 60000000, '취업', 30000000);
INSERT INTO FINAL_ACCOUNT(NAME, PHONE_NUMBER, ACCOUNT_NUMBER, ACCOUNT_PASSWORD, BALANCE, BANK_ALIAS, TRANSFER_LIMIT)
VALUES('이나현', '01099944411', '2-00148-45601', '1234', 40000000, '식비', 500000000);
INSERT INTO FINAL_ACCOUNT(NAME, PHONE_NUMBER, ACCOUNT_NUMBER, ACCOUNT_PASSWORD, BALANCE, BANK_ALIAS, TRANSFER_LIMIT)
VALUES('이준호', '01088444442', '2-88488-02212', '1234', 7000000, '취업', 10000000);
INSERT INTO FINAL_ACCOUNT(NAME, PHONE_NUMBER, ACCOUNT_NUMBER, ACCOUNT_PASSWORD, BALANCE, BANK_ALIAS, TRANSFER_LIMIT)
VALUES('황인수', '01099911122', '2-88868-00798', '1234', 40000000, '적금', 500000000);
INSERT INTO FINAL_ACCOUNT(NAME, PHONE_NUMBER, ACCOUNT_NUMBER, ACCOUNT_PASSWORD, BALANCE, BANK_ALIAS, TRANSFER_LIMIT)
VALUES('김태인', '01022313990', '2-80490-89852', '1234', 1000000, '취업', 10000000);
INSERT INTO FINAL_ACCOUNT(NAME, PHONE_NUMBER, ACCOUNT_NUMBER, ACCOUNT_PASSWORD, BALANCE, BANK_ALIAS, TRANSFER_LIMIT)
VALUES('위승배', '01019917771', '2-66513-00154', '1234', 9000000, '식비', 500000000);



DELETE FROM FINAL_ACCOUNT WHERE ACCOUNT_NUMBER = '2-103114-48280';


COMMIT;



select * from final_account where phone_number = '01077106366';

DELETE FROM FINAL_ACCOUNT WHERE PHONE_NUMBER = '01077106366';

CREATE TABLE FINAL_BANK_CODE (
    BANK_NAME VARCHAR2(20) NOT NULL,
    BANK_CODE VARCHAR2(20) NOT NULL
);

SELECT * FROM FINAL_BANK_CODE;

INSERT INTO FINAL_BANK_CODE VALUES('하나은행', '2');
INSERT INTO FINAL_BANK_CODE VALUES('신한은행', '9');
INSERT INTO FINAL_BANK_CODE VALUES('우리은행', '14');
INSERT INTO FINAL_BANK_CODE VALUES('국민은행', '20');

DELETE FROM FINAL_BANK_CODE WHERE BANK_CODE = '9';

COMMIT;


CREATE TABLE FINAL_TRANSACTION_HISTORY(
    TRAN_NUM NUMBER(10), 
    WITHDRAWAL_ACCOUNT_NUM VARCHAR2(30),
    DEPOSIT_ACCOUNT_NUM VARCHAR2(30),
    WITHDRAWAL_NAME VARCHAR2(30),
    DEPOSIT_NAME VARCHAR2(30),
    WITHDRAWAL_BANK_CODE VARCHAR2(20),
    DEPOSIT_BANK_CODE VARCHAR2(10),
    WITHDRAWAL_PHONE_NUMBER VARCHAR2(30),
    DEPOSIT_PHONE_NUMBER VARCHAR2(30),
    TRAN_AMOUNT NUMBER(10),
    TRAN_DATE VARCHAR2(50) DEFAULT TO_CHAR(SYSDATE,'YYYY-MM-DD HH:MI:SS'),
    GUEST_GROUP VARCHAR2(30) DEFAULT '기타',
    MEMBER_TYPE VARCHAR2(30),
    RE_PAY VARCHAR2(10) DEFAULT '미완료'
);

DROP TABLE FINAL_TRANSACTION_HISTORY;

SELECT * FROM FINAL_TRANSACTION_HISTORY WHERE GUEST_GROUP = '풍생고등학교';

DELETE FROM FINAL_TRANSACTION_HISTORY WHERE GUEST_GROUP = '풍생고등학교';

DELETE FROM FINAL_TRANSACTION_HISTORY WHERE WITHDRAWAL_NAME = '김병관';

COMMIT;

SELECT * FROM FINAL_TRANSACTION_HISTORY;


INSERT INTO FINAL_TRANSACTION_HISTORY(TRAN_NUM, WITHDRAWAL_ACCOUNT_NUM, DEPOSIT_ACCOUNT_NUM, WITHDRAWAL_NAME,  DEPOSIT_NAME, WITHDRAWAL_BANK_CODE, DEPOSIT_BANK_CODE, WITHDRAWAL_PHONE_NUMBER, DEPOSIT_PHONE_NUMBER, TRAN_AMOUNT, GUEST_GROUP, MEMBER_TYPE)
VALUES(SEQ_FINAL_TRANSACTION_HISTORY_NO.nextval, '2-98103-92172' , '2-68204-14257', '관리자','이신부', '2', '2', '01077777777','01088888888',50000,'광명융합기술원' ,'신부' );

commit;
INSERT INTO FINAL_TRANSACTION_HISTORY(TRAN_NUM, WITHDRAWAL_ACCOUNT_NUM, DEPOSIT_ACCOUNT_NUM, WITHDRAWAL_NAME,  DEPOSIT_NAME, WITHDRAWAL_BANK_CODE, DEPOSIT_BANK_CODE, WITHDRAWAL_PHONE_NUMBER, DEPOSIT_PHONE_NUMBER, TRAN_AMOUNT, GUEST_GROUP, MEMBER_TYPE)
VALUES(SEQ_FINAL_TRANSACTION_HISTORY_NO.nextval, '2-74201-58451', '2-68204-14257', '김병관','이신부', '2', '2', '01077106366','01088888888',50000 ,'광명융합기술원' ,'신부');
INSERT INTO FINAL_TRANSACTION_HISTORY(TRAN_NUM, WITHDRAWAL_ACCOUNT_NUM, DEPOSIT_ACCOUNT_NUM, WITHDRAWAL_NAME,  DEPOSIT_NAME, WITHDRAWAL_BANK_CODE, DEPOSIT_BANK_CODE, WITHDRAWAL_PHONE_NUMBER, DEPOSIT_PHONE_NUMBER, TRAN_AMOUNT, GUEST_GROUP, MEMBER_TYPE)
VALUES(SEQ_FINAL_TRANSACTION_HISTORY_NO.nextval,'2-68204-14257', '2-68204-14257', '이신부','이신부', '2', '2', '01088888888','01088888888',50000 ,'광명융합기술원' ,'신부');
INSERT INTO FINAL_TRANSACTION_HISTORY(TRAN_NUM, WITHDRAWAL_ACCOUNT_NUM, DEPOSIT_ACCOUNT_NUM, WITHDRAWAL_NAME,  DEPOSIT_NAME, WITHDRAWAL_BANK_CODE, DEPOSIT_BANK_CODE, WITHDRAWAL_PHONE_NUMBER, DEPOSIT_PHONE_NUMBER, TRAN_AMOUNT, GUEST_GROUP, MEMBER_TYPE)
VALUES(SEQ_FINAL_TRANSACTION_HISTORY_NO.nextval, '2-00102-63246', '2-68204-14257', '김신랑','이신부', '2', '2', '01099999999','01088888888',100000 ,'하나고등학교' ,'신부');
INSERT INTO FINAL_TRANSACTION_HISTORY(TRAN_NUM, WITHDRAWAL_ACCOUNT_NUM, DEPOSIT_ACCOUNT_NUM, WITHDRAWAL_NAME,  DEPOSIT_NAME, WITHDRAWAL_BANK_CODE, DEPOSIT_BANK_CODE, WITHDRAWAL_PHONE_NUMBER, DEPOSIT_PHONE_NUMBER, TRAN_AMOUNT, GUEST_GROUP, MEMBER_TYPE)
VALUES(SEQ_FINAL_TRANSACTION_HISTORY_NO.nextval, '2-54652-76588', '2-68204-14257', '조재희','이신부', '2', '2', '01033334444','01088888888',50000 ,'하나금융티아이' ,'신부');
INSERT INTO FINAL_TRANSACTION_HISTORY(TRAN_NUM, WITHDRAWAL_ACCOUNT_NUM, DEPOSIT_ACCOUNT_NUM, WITHDRAWAL_NAME,  DEPOSIT_NAME, WITHDRAWAL_BANK_CODE, DEPOSIT_BANK_CODE, WITHDRAWAL_PHONE_NUMBER, DEPOSIT_PHONE_NUMBER, TRAN_AMOUNT, GUEST_GROUP, MEMBER_TYPE)
VALUES(SEQ_FINAL_TRANSACTION_HISTORY_NO.nextval, '2-02589-77456', '2-68204-14257', '최덕재', '이신부', '2', '2', '01011112222','01088888888',50000 ,'하나고등학교' ,'신부');
INSERT INTO FINAL_TRANSACTION_HISTORY(TRAN_NUM, WITHDRAWAL_ACCOUNT_NUM, DEPOSIT_ACCOUNT_NUM, WITHDRAWAL_NAME,  DEPOSIT_NAME, WITHDRAWAL_BANK_CODE, DEPOSIT_BANK_CODE, WITHDRAWAL_PHONE_NUMBER, DEPOSIT_PHONE_NUMBER, TRAN_AMOUNT, GUEST_GROUP, MEMBER_TYPE)
VALUES(SEQ_FINAL_TRANSACTION_HISTORY_NO.nextval, '20-36665-32164', '2-68204-14257', '전형진','이신부', '20', '2', '01022223333','01088888888',200000 ,'광명융합기술원' ,'신부');


INSERT INTO FINAL_TRANSACTION_HISTORY(TRAN_NUM, WITHDRAWAL_ACCOUNT_NUM, DEPOSIT_ACCOUNT_NUM, WITHDRAWAL_NAME,  DEPOSIT_NAME, WITHDRAWAL_BANK_CODE, DEPOSIT_BANK_CODE, WITHDRAWAL_PHONE_NUMBER, DEPOSIT_PHONE_NUMBER, TRAN_AMOUNT, GUEST_GROUP, MEMBER_TYPE)
VALUES(SEQ_FINAL_TRANSACTION_HISTORY_NO.nextval, '9-52166-25463', '2-68204-14257', '박지훈','이신부', '9', '2', '01034345656','01088888888',50000 ,'하나금융티아이' ,'신부');
INSERT INTO FINAL_TRANSACTION_HISTORY(TRAN_NUM, WITHDRAWAL_ACCOUNT_NUM, DEPOSIT_ACCOUNT_NUM, WITHDRAWAL_NAME,  DEPOSIT_NAME, WITHDRAWAL_BANK_CODE, DEPOSIT_BANK_CODE, WITHDRAWAL_PHONE_NUMBER, DEPOSIT_PHONE_NUMBER, TRAN_AMOUNT, GUEST_GROUP, MEMBER_TYPE)
VALUES(SEQ_FINAL_TRANSACTION_HISTORY_NO.nextval, '9-64044-64642', '2-68204-14257', '김선영','이신부', '9', '2', '01087875656','01088888888',100000 ,'하나금융티아이' ,'신부');
INSERT INTO FINAL_TRANSACTION_HISTORY(TRAN_NUM, WITHDRAWAL_ACCOUNT_NUM, DEPOSIT_ACCOUNT_NUM, WITHDRAWAL_NAME,  DEPOSIT_NAME, WITHDRAWAL_BANK_CODE, DEPOSIT_BANK_CODE, WITHDRAWAL_PHONE_NUMBER, DEPOSIT_PHONE_NUMBER, TRAN_AMOUNT, GUEST_GROUP, MEMBER_TYPE)
VALUES(SEQ_FINAL_TRANSACTION_HISTORY_NO.nextval, '2-98052-13524', '2-68204-14257', '정의정','이신부', '2', '2', '01022335656','01088888888',50000 ,'하나고등학교' ,'신부');
INSERT INTO FINAL_TRANSACTION_HISTORY(TRAN_NUM, WITHDRAWAL_ACCOUNT_NUM, DEPOSIT_ACCOUNT_NUM, WITHDRAWAL_NAME,  DEPOSIT_NAME, WITHDRAWAL_BANK_CODE, DEPOSIT_BANK_CODE, WITHDRAWAL_PHONE_NUMBER, DEPOSIT_PHONE_NUMBER, TRAN_AMOUNT, GUEST_GROUP, MEMBER_TYPE)
VALUES(SEQ_FINAL_TRANSACTION_HISTORY_NO.nextval, '20-00120-32154', '2-68204-14257', '박수민','이신부', '20', '2', '01077795656','01088888888',200000 ,'광명융합기술원' ,'신부');
INSERT INTO FINAL_TRANSACTION_HISTORY(TRAN_NUM, WITHDRAWAL_ACCOUNT_NUM, DEPOSIT_ACCOUNT_NUM, WITHDRAWAL_NAME,  DEPOSIT_NAME, WITHDRAWAL_BANK_CODE, DEPOSIT_BANK_CODE, WITHDRAWAL_PHONE_NUMBER, DEPOSIT_PHONE_NUMBER, TRAN_AMOUNT, GUEST_GROUP, MEMBER_TYPE)
VALUES(SEQ_FINAL_TRANSACTION_HISTORY_NO.nextval, '2-98232-11124', '2-68204-14257', '박현성','이신부', '2', '2', '01077796661','01088888888',100000 ,'청라초등학교' ,'신부');
INSERT INTO FINAL_TRANSACTION_HISTORY(TRAN_NUM, WITHDRAWAL_ACCOUNT_NUM, DEPOSIT_ACCOUNT_NUM, WITHDRAWAL_NAME,  DEPOSIT_NAME, WITHDRAWAL_BANK_CODE, DEPOSIT_BANK_CODE, WITHDRAWAL_PHONE_NUMBER, DEPOSIT_PHONE_NUMBER, TRAN_AMOUNT, GUEST_GROUP, MEMBER_TYPE)
VALUES(SEQ_FINAL_TRANSACTION_HISTORY_NO.nextval, '14-00145-31325', '2-68204-14257', '신지원','이신부', '14', '2', '01033226661','01088888888',100000 ,'하나금융티아이' ,'신부');
INSERT INTO FINAL_TRANSACTION_HISTORY(TRAN_NUM, WITHDRAWAL_ACCOUNT_NUM, DEPOSIT_ACCOUNT_NUM, WITHDRAWAL_NAME,  DEPOSIT_NAME, WITHDRAWAL_BANK_CODE, DEPOSIT_BANK_CODE, WITHDRAWAL_PHONE_NUMBER, DEPOSIT_PHONE_NUMBER, TRAN_AMOUNT, GUEST_GROUP, MEMBER_TYPE)
VALUES(SEQ_FINAL_TRANSACTION_HISTORY_NO.nextval, '20-79750-98547', '2-68204-14257', '박수혁','이신부', '20', '2', '01022126661','01088888888',50000 ,'광명융합기술원' ,'신부');
INSERT INTO FINAL_TRANSACTION_HISTORY(TRAN_NUM, WITHDRAWAL_ACCOUNT_NUM, DEPOSIT_ACCOUNT_NUM, WITHDRAWAL_NAME,  DEPOSIT_NAME, WITHDRAWAL_BANK_CODE, DEPOSIT_BANK_CODE, WITHDRAWAL_PHONE_NUMBER, DEPOSIT_PHONE_NUMBER, TRAN_AMOUNT, GUEST_GROUP, MEMBER_TYPE)
VALUES(SEQ_FINAL_TRANSACTION_HISTORY_NO.nextval, '2-08888-33265', '2-68204-14257', '이정환','이신부', '2', '2', '01099016661','01088888888',1000000 ,'하나금융티아이' ,'신부');
INSERT INTO FINAL_TRANSACTION_HISTORY(TRAN_NUM, WITHDRAWAL_ACCOUNT_NUM, DEPOSIT_ACCOUNT_NUM, WITHDRAWAL_NAME,  DEPOSIT_NAME, WITHDRAWAL_BANK_CODE, DEPOSIT_BANK_CODE, WITHDRAWAL_PHONE_NUMBER, DEPOSIT_PHONE_NUMBER, TRAN_AMOUNT, GUEST_GROUP, MEMBER_TYPE)
VALUES(SEQ_FINAL_TRANSACTION_HISTORY_NO.nextval, '2-04454-54454', '2-68204-14257', '박준영','이신부', '2', '2', '01033229666','01088888888',50000 ,'청라초등학교' ,'신부');
INSERT INTO FINAL_TRANSACTION_HISTORY(TRAN_NUM, WITHDRAWAL_ACCOUNT_NUM, DEPOSIT_ACCOUNT_NUM, WITHDRAWAL_NAME,  DEPOSIT_NAME, WITHDRAWAL_BANK_CODE, DEPOSIT_BANK_CODE, WITHDRAWAL_PHONE_NUMBER, DEPOSIT_PHONE_NUMBER, TRAN_AMOUNT, GUEST_GROUP, MEMBER_TYPE)
VALUES(SEQ_FINAL_TRANSACTION_HISTORY_NO.nextval, '14-45112-32221', '2-68204-14257', '정선','이신부', '14', '2', '01088655543','01088888888',50000 ,'하나고등학교' ,'신부');
INSERT INTO FINAL_TRANSACTION_HISTORY(TRAN_NUM, WITHDRAWAL_ACCOUNT_NUM, DEPOSIT_ACCOUNT_NUM, WITHDRAWAL_NAME,  DEPOSIT_NAME, WITHDRAWAL_BANK_CODE, DEPOSIT_BANK_CODE, WITHDRAWAL_PHONE_NUMBER, DEPOSIT_PHONE_NUMBER, TRAN_AMOUNT, GUEST_GROUP, MEMBER_TYPE)
VALUES(SEQ_FINAL_TRANSACTION_HISTORY_NO.nextval, '20-69808-55411', '2-68204-14257', '구이경','이신부', '20', '2', '01066519666','01088888888',100000 ,'광명융합기술원' ,'신부');
INSERT INTO FINAL_TRANSACTION_HISTORY(TRAN_NUM, WITHDRAWAL_ACCOUNT_NUM, DEPOSIT_ACCOUNT_NUM, WITHDRAWAL_NAME,  DEPOSIT_NAME, WITHDRAWAL_BANK_CODE, DEPOSIT_BANK_CODE, WITHDRAWAL_PHONE_NUMBER, DEPOSIT_PHONE_NUMBER, TRAN_AMOUNT, GUEST_GROUP, MEMBER_TYPE)
VALUES(SEQ_FINAL_TRANSACTION_HISTORY_NO.nextval, '9-85688-31118', '2-68204-14257', '진수민','이신부', '9', '2', '01077090099','01088888888',200000 ,'광명융합기술원' ,'신부');
INSERT INTO FINAL_TRANSACTION_HISTORY(TRAN_NUM, WITHDRAWAL_ACCOUNT_NUM, DEPOSIT_ACCOUNT_NUM, WITHDRAWAL_NAME,  DEPOSIT_NAME, WITHDRAWAL_BANK_CODE, DEPOSIT_BANK_CODE, WITHDRAWAL_PHONE_NUMBER, DEPOSIT_PHONE_NUMBER, TRAN_AMOUNT, GUEST_GROUP, MEMBER_TYPE)
VALUES(SEQ_FINAL_TRANSACTION_HISTORY_NO.nextval, '2-08778-66795', '2-68204-14257', '김윤호','이신부', '2', '2', '01011225366','01088888888',200000 ,'청라초등학교' ,'신부');
INSERT INTO FINAL_TRANSACTION_HISTORY(TRAN_NUM, WITHDRAWAL_ACCOUNT_NUM, DEPOSIT_ACCOUNT_NUM, WITHDRAWAL_NAME,  DEPOSIT_NAME, WITHDRAWAL_BANK_CODE, DEPOSIT_BANK_CODE, WITHDRAWAL_PHONE_NUMBER, DEPOSIT_PHONE_NUMBER, TRAN_AMOUNT, GUEST_GROUP, MEMBER_TYPE)
VALUES(SEQ_FINAL_TRANSACTION_HISTORY_NO.nextval, '20-98563-11411', '2-68204-14257', '서유경','이신부', '20', '2', '01022414423','01088888888',50000 ,'청라초등학교' ,'신부');
INSERT INTO FINAL_TRANSACTION_HISTORY(TRAN_NUM, WITHDRAWAL_ACCOUNT_NUM, DEPOSIT_ACCOUNT_NUM, WITHDRAWAL_NAME,  DEPOSIT_NAME, WITHDRAWAL_BANK_CODE, DEPOSIT_BANK_CODE, WITHDRAWAL_PHONE_NUMBER, DEPOSIT_PHONE_NUMBER, TRAN_AMOUNT, GUEST_GROUP, MEMBER_TYPE)
VALUES(SEQ_FINAL_TRANSACTION_HISTORY_NO.nextval, '14-08775-33233', '2-68204-14257', '김창대','이신부', '14', '2', '01047747334','01088888888',100000 ,'광명융합기술원' ,'신부');
INSERT INTO FINAL_TRANSACTION_HISTORY(TRAN_NUM, WITHDRAWAL_ACCOUNT_NUM, DEPOSIT_ACCOUNT_NUM, WITHDRAWAL_NAME,  DEPOSIT_NAME, WITHDRAWAL_BANK_CODE, DEPOSIT_BANK_CODE, WITHDRAWAL_PHONE_NUMBER, DEPOSIT_PHONE_NUMBER, TRAN_AMOUNT, GUEST_GROUP, MEMBER_TYPE)
VALUES(SEQ_FINAL_TRANSACTION_HISTORY_NO.nextval, '2-77747-66587', '2-68204-14257', '김지환','이신부', '2', '2', '01023698964','01088888888',1000000 ,'청라초등학교' ,'신부');
INSERT INTO FINAL_TRANSACTION_HISTORY(TRAN_NUM, WITHDRAWAL_ACCOUNT_NUM, DEPOSIT_ACCOUNT_NUM, WITHDRAWAL_NAME,  DEPOSIT_NAME, WITHDRAWAL_BANK_CODE, DEPOSIT_BANK_CODE, WITHDRAWAL_PHONE_NUMBER, DEPOSIT_PHONE_NUMBER, TRAN_AMOUNT, GUEST_GROUP, MEMBER_TYPE)
VALUES(SEQ_FINAL_TRANSACTION_HISTORY_NO.nextval, '20-74450-33218', '2-68204-14257', '한진규','이신부', '20', '2', '01055642112','01088888888',2000000 ,'하나고등학교' ,'신부');
INSERT INTO FINAL_TRANSACTION_HISTORY(TRAN_NUM, WITHDRAWAL_ACCOUNT_NUM, DEPOSIT_ACCOUNT_NUM, WITHDRAWAL_NAME,  DEPOSIT_NAME, WITHDRAWAL_BANK_CODE, DEPOSIT_BANK_CODE, WITHDRAWAL_PHONE_NUMBER, DEPOSIT_PHONE_NUMBER, TRAN_AMOUNT, GUEST_GROUP, MEMBER_TYPE)
VALUES(SEQ_FINAL_TRANSACTION_HISTORY_NO.nextval, '9-32210-97648', '2-68204-14257', '이건우','이신부', '9', '2', '01099951032','01088888888',50000 ,'청라초등학교' ,'신부');
INSERT INTO FINAL_TRANSACTION_HISTORY(TRAN_NUM, WITHDRAWAL_ACCOUNT_NUM, DEPOSIT_ACCOUNT_NUM, WITHDRAWAL_NAME,  DEPOSIT_NAME, WITHDRAWAL_BANK_CODE, DEPOSIT_BANK_CODE, WITHDRAWAL_PHONE_NUMBER, DEPOSIT_PHONE_NUMBER, TRAN_AMOUNT, GUEST_GROUP, MEMBER_TYPE)
VALUES(SEQ_FINAL_TRANSACTION_HISTORY_NO.nextval, '2-85555-66663', '2-68204-14257', '김종인','이신부', '2', '2', '01066688881','01088888888',100000 ,'광명융합기술원' ,'신부');
INSERT INTO FINAL_TRANSACTION_HISTORY(TRAN_NUM, WITHDRAWAL_ACCOUNT_NUM, DEPOSIT_ACCOUNT_NUM, WITHDRAWAL_NAME,  DEPOSIT_NAME, WITHDRAWAL_BANK_CODE, DEPOSIT_BANK_CODE, WITHDRAWAL_PHONE_NUMBER, DEPOSIT_PHONE_NUMBER, TRAN_AMOUNT, GUEST_GROUP, MEMBER_TYPE)
VALUES(SEQ_FINAL_TRANSACTION_HISTORY_NO.nextval, '20-55505-11115', '2-68204-14257', '김능효','이신부', '20', '2', '01022311144','01088888888',200000 ,'하나금융티아이' ,'신부');
INSERT INTO FINAL_TRANSACTION_HISTORY(TRAN_NUM, WITHDRAWAL_ACCOUNT_NUM, DEPOSIT_ACCOUNT_NUM, WITHDRAWAL_NAME,  DEPOSIT_NAME, WITHDRAWAL_BANK_CODE, DEPOSIT_BANK_CODE, WITHDRAWAL_PHONE_NUMBER, DEPOSIT_PHONE_NUMBER, TRAN_AMOUNT, GUEST_GROUP, MEMBER_TYPE)
VALUES(SEQ_FINAL_TRANSACTION_HISTORY_NO.nextval, '2-99599-33256', '2-68204-14257', '고건희','이신부', '2', '2', '01011299973','01088888888',50000 ,'하나고등학교' ,'신부');
INSERT INTO FINAL_TRANSACTION_HISTORY(TRAN_NUM, WITHDRAWAL_ACCOUNT_NUM, DEPOSIT_ACCOUNT_NUM, WITHDRAWAL_NAME,  DEPOSIT_NAME, WITHDRAWAL_BANK_CODE, DEPOSIT_BANK_CODE, WITHDRAWAL_PHONE_NUMBER, DEPOSIT_PHONE_NUMBER, TRAN_AMOUNT, GUEST_GROUP, MEMBER_TYPE)
VALUES(SEQ_FINAL_TRANSACTION_HISTORY_NO.nextval, '14-41332-77787', '2-68204-14257', '신용욱','이신부', '14', '2', '01055499984','01088888888',100000 ,'하나고등학교' ,'신부');
INSERT INTO FINAL_TRANSACTION_HISTORY(TRAN_NUM, WITHDRAWAL_ACCOUNT_NUM, DEPOSIT_ACCOUNT_NUM, WITHDRAWAL_NAME,  DEPOSIT_NAME, WITHDRAWAL_BANK_CODE, DEPOSIT_BANK_CODE, WITHDRAWAL_PHONE_NUMBER, DEPOSIT_PHONE_NUMBER, TRAN_AMOUNT, GUEST_GROUP, MEMBER_TYPE)
VALUES(SEQ_FINAL_TRANSACTION_HISTORY_NO.nextval, '20-55000-99865', '2-68204-14257', '조도연','이신부', '20', '2', '01000209992','01088888888',200000 ,'하나금융티아이' ,'신부');
INSERT INTO FINAL_TRANSACTION_HISTORY(TRAN_NUM, WITHDRAWAL_ACCOUNT_NUM, DEPOSIT_ACCOUNT_NUM, WITHDRAWAL_NAME,  DEPOSIT_NAME, WITHDRAWAL_BANK_CODE, DEPOSIT_BANK_CODE, WITHDRAWAL_PHONE_NUMBER, DEPOSIT_PHONE_NUMBER, TRAN_AMOUNT, GUEST_GROUP, MEMBER_TYPE)
VALUES(SEQ_FINAL_TRANSACTION_HISTORY_NO.nextval, '9-00412-33788', '2-68204-14257', '김태양','이신부', '9', '2', '01077764443','01088888888',50000 ,'광명융합기술원' ,'신부');
INSERT INTO FINAL_TRANSACTION_HISTORY(TRAN_NUM, WITHDRAWAL_ACCOUNT_NUM, DEPOSIT_ACCOUNT_NUM, WITHDRAWAL_NAME,  DEPOSIT_NAME, WITHDRAWAL_BANK_CODE, DEPOSIT_BANK_CODE, WITHDRAWAL_PHONE_NUMBER, DEPOSIT_PHONE_NUMBER, TRAN_AMOUNT, GUEST_GROUP, MEMBER_TYPE)
VALUES(SEQ_FINAL_TRANSACTION_HISTORY_NO.nextval, '2-95556-11991', '2-68204-14257', '신대근','이신부', '2', '2', '01033397773','01088888888',100000 ,'청라초등학교' ,'신부');
INSERT INTO FINAL_TRANSACTION_HISTORY(TRAN_NUM, WITHDRAWAL_ACCOUNT_NUM, DEPOSIT_ACCOUNT_NUM, WITHDRAWAL_NAME,  DEPOSIT_NAME, WITHDRAWAL_BANK_CODE, DEPOSIT_BANK_CODE, WITHDRAWAL_PHONE_NUMBER, DEPOSIT_PHONE_NUMBER, TRAN_AMOUNT, GUEST_GROUP, MEMBER_TYPE)
VALUES(SEQ_FINAL_TRANSACTION_HISTORY_NO.nextval, '20-33344-77977', '2-68204-14257', '조동환','이신부', '20', '2', '01019918832','01088888888',50000 ,'하나고등학교' ,'신부');
INSERT INTO FINAL_TRANSACTION_HISTORY(TRAN_NUM, WITHDRAWAL_ACCOUNT_NUM, DEPOSIT_ACCOUNT_NUM, WITHDRAWAL_NAME,  DEPOSIT_NAME, WITHDRAWAL_BANK_CODE, DEPOSIT_BANK_CODE, WITHDRAWAL_PHONE_NUMBER, DEPOSIT_PHONE_NUMBER, TRAN_AMOUNT, GUEST_GROUP, MEMBER_TYPE)
VALUES(SEQ_FINAL_TRANSACTION_HISTORY_NO.nextval, '2-77440-15546', '2-68204-14257', '박성균','이신부', '2', '2', '01077199912','01088888888',50000 ,'광명융합기술원' ,'신부');
INSERT INTO FINAL_TRANSACTION_HISTORY(TRAN_NUM, WITHDRAWAL_ACCOUNT_NUM, DEPOSIT_ACCOUNT_NUM, WITHDRAWAL_NAME,  DEPOSIT_NAME, WITHDRAWAL_BANK_CODE, DEPOSIT_BANK_CODE, WITHDRAWAL_PHONE_NUMBER, DEPOSIT_PHONE_NUMBER, TRAN_AMOUNT, GUEST_GROUP, MEMBER_TYPE)
VALUES(SEQ_FINAL_TRANSACTION_HISTORY_NO.nextval, '2-55098-64886', '2-68204-14257', '김은현','이신부', '2', '2', '01022338889','01088888888',100000 ,'하나금융티아이' ,'신부');
INSERT INTO FINAL_TRANSACTION_HISTORY(TRAN_NUM, WITHDRAWAL_ACCOUNT_NUM, DEPOSIT_ACCOUNT_NUM, WITHDRAWAL_NAME,  DEPOSIT_NAME, WITHDRAWAL_BANK_CODE, DEPOSIT_BANK_CODE, WITHDRAWAL_PHONE_NUMBER, DEPOSIT_PHONE_NUMBER, TRAN_AMOUNT, GUEST_GROUP, MEMBER_TYPE)
VALUES(SEQ_FINAL_TRANSACTION_HISTORY_NO.nextval, '14-98504-33175', '2-68204-14257', '양재훈','이신부', '14', '2', '01011553343','01088888888',200000 ,'기타' ,'신부');
INSERT INTO FINAL_TRANSACTION_HISTORY(TRAN_NUM, WITHDRAWAL_ACCOUNT_NUM, DEPOSIT_ACCOUNT_NUM, WITHDRAWAL_NAME,  DEPOSIT_NAME, WITHDRAWAL_BANK_CODE, DEPOSIT_BANK_CODE, WITHDRAWAL_PHONE_NUMBER, DEPOSIT_PHONE_NUMBER, TRAN_AMOUNT, GUEST_GROUP, MEMBER_TYPE)
VALUES(SEQ_FINAL_TRANSACTION_HISTORY_NO.nextval, '20-32880-69874', '2-68204-14257', '정영범','이신부', '20', '2', '01044293382','01088888888',100000 ,'하나고등학교' ,'신부');
INSERT INTO FINAL_TRANSACTION_HISTORY(TRAN_NUM, WITHDRAWAL_ACCOUNT_NUM, DEPOSIT_ACCOUNT_NUM, WITHDRAWAL_NAME,  DEPOSIT_NAME, WITHDRAWAL_BANK_CODE, DEPOSIT_BANK_CODE, WITHDRAWAL_PHONE_NUMBER, DEPOSIT_PHONE_NUMBER, TRAN_AMOUNT, GUEST_GROUP, MEMBER_TYPE)
VALUES(SEQ_FINAL_TRANSACTION_HISTORY_NO.nextval, '9-00244-31555', '2-68204-14257', '이륭희','이신부', '9', '2', '01088829992','01088888888',100000 ,'광명융합기술원' ,'신부');
INSERT INTO FINAL_TRANSACTION_HISTORY(TRAN_NUM, WITHDRAWAL_ACCOUNT_NUM, DEPOSIT_ACCOUNT_NUM, WITHDRAWAL_NAME,  DEPOSIT_NAME, WITHDRAWAL_BANK_CODE, DEPOSIT_BANK_CODE, WITHDRAWAL_PHONE_NUMBER, DEPOSIT_PHONE_NUMBER, TRAN_AMOUNT, GUEST_GROUP, MEMBER_TYPE)
VALUES(SEQ_FINAL_TRANSACTION_HISTORY_NO.nextval, '2-79888-55899', '2-68204-14257', '이국희','이신부', '2', '2', '01000822221','01088888888',50000 ,'기타' ,'신부');
INSERT INTO FINAL_TRANSACTION_HISTORY(TRAN_NUM, WITHDRAWAL_ACCOUNT_NUM, DEPOSIT_ACCOUNT_NUM, WITHDRAWAL_NAME,  DEPOSIT_NAME, WITHDRAWAL_BANK_CODE, DEPOSIT_BANK_CODE, WITHDRAWAL_PHONE_NUMBER, DEPOSIT_PHONE_NUMBER, TRAN_AMOUNT, GUEST_GROUP, MEMBER_TYPE)
VALUES(SEQ_FINAL_TRANSACTION_HISTORY_NO.nextval, '20-66549-66455', '2-68204-14257', '정태양','이신부', '20', '2', '01033377781','01088888888',100000 ,'하나금융티아이' ,'신부');
INSERT INTO FINAL_TRANSACTION_HISTORY(TRAN_NUM, WITHDRAWAL_ACCOUNT_NUM, DEPOSIT_ACCOUNT_NUM, WITHDRAWAL_NAME,  DEPOSIT_NAME, WITHDRAWAL_BANK_CODE, DEPOSIT_BANK_CODE, WITHDRAWAL_PHONE_NUMBER, DEPOSIT_PHONE_NUMBER, TRAN_AMOUNT, GUEST_GROUP, MEMBER_TYPE)
VALUES(SEQ_FINAL_TRANSACTION_HISTORY_NO.nextval, '2-55554-11777', '2-68204-14257', '곽도근','이신부', '2', '2', '01066679997','01088888888',100000 ,'하나고등학교' ,'신부');
INSERT INTO FINAL_TRANSACTION_HISTORY(TRAN_NUM, WITHDRAWAL_ACCOUNT_NUM, DEPOSIT_ACCOUNT_NUM, WITHDRAWAL_NAME,  DEPOSIT_NAME, WITHDRAWAL_BANK_CODE, DEPOSIT_BANK_CODE, WITHDRAWAL_PHONE_NUMBER, DEPOSIT_PHONE_NUMBER, TRAN_AMOUNT, GUEST_GROUP, MEMBER_TYPE)
VALUES(SEQ_FINAL_TRANSACTION_HISTORY_NO.nextval, '20-11254-99988', '2-68204-14257', '임효준','이신부', '20', '2', '01038839921','01088888888',50000 ,'광명융합기술원' ,'신부');
INSERT INTO FINAL_TRANSACTION_HISTORY(TRAN_NUM, WITHDRAWAL_ACCOUNT_NUM, DEPOSIT_ACCOUNT_NUM, WITHDRAWAL_NAME,  DEPOSIT_NAME, WITHDRAWAL_BANK_CODE, DEPOSIT_BANK_CODE, WITHDRAWAL_PHONE_NUMBER, DEPOSIT_PHONE_NUMBER, TRAN_AMOUNT, GUEST_GROUP, MEMBER_TYPE)
VALUES(SEQ_FINAL_TRANSACTION_HISTORY_NO.nextval, '2-77857-66644', '2-68204-14257', '나상일','이신부', '2', '2', '01022938847','01088888888',200000 ,'하나고등학교' ,'신부');
INSERT INTO FINAL_TRANSACTION_HISTORY(TRAN_NUM, WITHDRAWAL_ACCOUNT_NUM, DEPOSIT_ACCOUNT_NUM, WITHDRAWAL_NAME,  DEPOSIT_NAME, WITHDRAWAL_BANK_CODE, DEPOSIT_BANK_CODE, WITHDRAWAL_PHONE_NUMBER, DEPOSIT_PHONE_NUMBER, TRAN_AMOUNT, GUEST_GROUP, MEMBER_TYPE)
VALUES(SEQ_FINAL_TRANSACTION_HISTORY_NO.nextval, '9-32538-77744', '2-68204-14257', '백찬혁','이신부', '9', '2', '01011112223','01088888888',1000000 ,'광명융합기술원' ,'신부');
INSERT INTO FINAL_TRANSACTION_HISTORY(TRAN_NUM, WITHDRAWAL_ACCOUNT_NUM, DEPOSIT_ACCOUNT_NUM, WITHDRAWAL_NAME,  DEPOSIT_NAME, WITHDRAWAL_BANK_CODE, DEPOSIT_BANK_CODE, WITHDRAWAL_PHONE_NUMBER, DEPOSIT_PHONE_NUMBER, TRAN_AMOUNT, GUEST_GROUP, MEMBER_TYPE)
VALUES(SEQ_FINAL_TRANSACTION_HISTORY_NO.nextval, '20-22254-44588', '2-68204-14257', '김형수','이신부', '20', '2', '01066612223','01088888888',50000 ,'하나금융티아이' ,'신부');
INSERT INTO FINAL_TRANSACTION_HISTORY(TRAN_NUM, WITHDRAWAL_ACCOUNT_NUM, DEPOSIT_ACCOUNT_NUM, WITHDRAWAL_NAME,  DEPOSIT_NAME, WITHDRAWAL_BANK_CODE, DEPOSIT_BANK_CODE, WITHDRAWAL_PHONE_NUMBER, DEPOSIT_PHONE_NUMBER, TRAN_AMOUNT, GUEST_GROUP, MEMBER_TYPE)
VALUES(SEQ_FINAL_TRANSACTION_HISTORY_NO.nextval, '14-11981-99883', '2-68204-14257', '김영덕','이신부', '14', '2', '01045454772','01088888888',100000 ,'청라초등학교' ,'신부');
INSERT INTO FINAL_TRANSACTION_HISTORY(TRAN_NUM, WITHDRAWAL_ACCOUNT_NUM, DEPOSIT_ACCOUNT_NUM, WITHDRAWAL_NAME,  DEPOSIT_NAME, WITHDRAWAL_BANK_CODE, DEPOSIT_BANK_CODE, WITHDRAWAL_PHONE_NUMBER, DEPOSIT_PHONE_NUMBER, TRAN_AMOUNT, GUEST_GROUP, MEMBER_TYPE)
VALUES(SEQ_FINAL_TRANSACTION_HISTORY_NO.nextval, '20-65977-33156', '2-68204-14257', '최현철','이신부', '20', '2', '01055112214','01088888888',200000 ,'기타' ,'신부');
INSERT INTO FINAL_TRANSACTION_HISTORY(TRAN_NUM, WITHDRAWAL_ACCOUNT_NUM, DEPOSIT_ACCOUNT_NUM, WITHDRAWAL_NAME,  DEPOSIT_NAME, WITHDRAWAL_BANK_CODE, DEPOSIT_BANK_CODE, WITHDRAWAL_PHONE_NUMBER, DEPOSIT_PHONE_NUMBER, TRAN_AMOUNT, GUEST_GROUP, MEMBER_TYPE)
VALUES(SEQ_FINAL_TRANSACTION_HISTORY_NO.nextval, '2-02498-32154', '2-68204-14257', '유경재','이신부', '2', '2', '01088872112','01088888888',50000 ,'하나고등학교' ,'신부');
INSERT INTO FINAL_TRANSACTION_HISTORY(TRAN_NUM, WITHDRAWAL_ACCOUNT_NUM, DEPOSIT_ACCOUNT_NUM, WITHDRAWAL_NAME,  DEPOSIT_NAME, WITHDRAWAL_BANK_CODE, DEPOSIT_BANK_CODE, WITHDRAWAL_PHONE_NUMBER, DEPOSIT_PHONE_NUMBER, TRAN_AMOUNT, GUEST_GROUP, MEMBER_TYPE)
VALUES(SEQ_FINAL_TRANSACTION_HISTORY_NO.nextval, '9-66548-66555', '2-68204-14257', '김학균','이신부', '9', '2', '01088319900','01088888888',100000 ,'하나금융티아이' ,'신부');
INSERT INTO FINAL_TRANSACTION_HISTORY(TRAN_NUM, WITHDRAWAL_ACCOUNT_NUM, DEPOSIT_ACCOUNT_NUM, WITHDRAWAL_NAME,  DEPOSIT_NAME, WITHDRAWAL_BANK_CODE, DEPOSIT_BANK_CODE, WITHDRAWAL_PHONE_NUMBER, DEPOSIT_PHONE_NUMBER, TRAN_AMOUNT, GUEST_GROUP, MEMBER_TYPE)
VALUES(SEQ_FINAL_TRANSACTION_HISTORY_NO.nextval, '20-46644-11302', '2-68204-14257', '김무성','이신부', '20', '2', '01017756349','01088888888',200000 ,'광명융합기술원' ,'신부');
INSERT INTO FINAL_TRANSACTION_HISTORY(TRAN_NUM, WITHDRAWAL_ACCOUNT_NUM, DEPOSIT_ACCOUNT_NUM, WITHDRAWAL_NAME,  DEPOSIT_NAME, WITHDRAWAL_BANK_CODE, DEPOSIT_BANK_CODE, WITHDRAWAL_PHONE_NUMBER, DEPOSIT_PHONE_NUMBER, TRAN_AMOUNT, GUEST_GROUP, MEMBER_TYPE)
VALUES(SEQ_FINAL_TRANSACTION_HISTORY_NO.nextval, '2-23433-02546', '2-68204-14257', '정동기','이신부', '2', '2', '01077186665','01088888888',50000 ,'하나고등학교' ,'신부');
INSERT INTO FINAL_TRANSACTION_HISTORY(TRAN_NUM, WITHDRAWAL_ACCOUNT_NUM, DEPOSIT_ACCOUNT_NUM, WITHDRAWAL_NAME,  DEPOSIT_NAME, WITHDRAWAL_BANK_CODE, DEPOSIT_BANK_CODE, WITHDRAWAL_PHONE_NUMBER, DEPOSIT_PHONE_NUMBER, TRAN_AMOUNT, GUEST_GROUP, MEMBER_TYPE)
VALUES(SEQ_FINAL_TRANSACTION_HISTORY_NO.nextval, '20-36669-98604', '2-68204-14257', '박종화','이신부', '20', '2', '01011155532','01088888888',100000 ,'청라초등학교' ,'신부');
INSERT INTO FINAL_TRANSACTION_HISTORY(TRAN_NUM, WITHDRAWAL_ACCOUNT_NUM, DEPOSIT_ACCOUNT_NUM, WITHDRAWAL_NAME,  DEPOSIT_NAME, WITHDRAWAL_BANK_CODE, DEPOSIT_BANK_CODE, WITHDRAWAL_PHONE_NUMBER, DEPOSIT_PHONE_NUMBER, TRAN_AMOUNT, GUEST_GROUP, MEMBER_TYPE)
VALUES(SEQ_FINAL_TRANSACTION_HISTORY_NO.nextval, '9-45558-06579', '2-68204-14257', '박종범','이신부', '9', '2', '01038872122','01088888888',50000 ,'기타' ,'신부');
INSERT INTO FINAL_TRANSACTION_HISTORY(TRAN_NUM, WITHDRAWAL_ACCOUNT_NUM, DEPOSIT_ACCOUNT_NUM, WITHDRAWAL_NAME,  DEPOSIT_NAME, WITHDRAWAL_BANK_CODE, DEPOSIT_BANK_CODE, WITHDRAWAL_PHONE_NUMBER, DEPOSIT_PHONE_NUMBER, TRAN_AMOUNT, GUEST_GROUP, MEMBER_TYPE)
VALUES(SEQ_FINAL_TRANSACTION_HISTORY_NO.nextval, '20-77977-65411', '2-68204-14257', '정호근','이신부', '20', '2', '01044422987','01088888888',100000 ,'하나고등학교' ,'신부');
INSERT INTO FINAL_TRANSACTION_HISTORY(TRAN_NUM, WITHDRAWAL_ACCOUNT_NUM, DEPOSIT_ACCOUNT_NUM, WITHDRAWAL_NAME,  DEPOSIT_NAME, WITHDRAWAL_BANK_CODE, DEPOSIT_BANK_CODE, WITHDRAWAL_PHONE_NUMBER, DEPOSIT_PHONE_NUMBER, TRAN_AMOUNT, GUEST_GROUP, MEMBER_TYPE)
VALUES(SEQ_FINAL_TRANSACTION_HISTORY_NO.nextval, '14-71111-00056', '2-68204-14257', '이석봉','이신부', '14', '2', '01023096645','01088888888',50000 ,'광명융합기술원' ,'신부');
INSERT INTO FINAL_TRANSACTION_HISTORY(TRAN_NUM, WITHDRAWAL_ACCOUNT_NUM, DEPOSIT_ACCOUNT_NUM, WITHDRAWAL_NAME,  DEPOSIT_NAME, WITHDRAWAL_BANK_CODE, DEPOSIT_BANK_CODE, WITHDRAWAL_PHONE_NUMBER, DEPOSIT_PHONE_NUMBER, TRAN_AMOUNT, GUEST_GROUP, MEMBER_TYPE)
VALUES(SEQ_FINAL_TRANSACTION_HISTORY_NO.nextval, '20-46666-98504', '2-68204-14257', '황영하','이신부', '20', '2', '01033533321','01088888888',100000 ,'하나고등학교' ,'신부');
INSERT INTO FINAL_TRANSACTION_HISTORY(TRAN_NUM, WITHDRAWAL_ACCOUNT_NUM, DEPOSIT_ACCOUNT_NUM, WITHDRAWAL_NAME,  DEPOSIT_NAME, WITHDRAWAL_BANK_CODE, DEPOSIT_BANK_CODE, WITHDRAWAL_PHONE_NUMBER, DEPOSIT_PHONE_NUMBER, TRAN_AMOUNT, GUEST_GROUP, MEMBER_TYPE)
VALUES(SEQ_FINAL_TRANSACTION_HISTORY_NO.nextval, '2-95551-07000', '2-68204-14257', '김동민','이신부', '2', '2', '01031325532','01088888888',50000 ,'하나금융티아이' ,'신부');
INSERT INTO FINAL_TRANSACTION_HISTORY(TRAN_NUM, WITHDRAWAL_ACCOUNT_NUM, DEPOSIT_ACCOUNT_NUM, WITHDRAWAL_NAME,  DEPOSIT_NAME, WITHDRAWAL_BANK_CODE, DEPOSIT_BANK_CODE, WITHDRAWAL_PHONE_NUMBER, DEPOSIT_PHONE_NUMBER, TRAN_AMOUNT, GUEST_GROUP, MEMBER_TYPE)
VALUES(SEQ_FINAL_TRANSACTION_HISTORY_NO.nextval, '20-11101-03588', '2-68204-14257', '홍석원','이신부', '20', '2', '01099918823','01088888888',100000 ,'하나고등학교' ,'신부');
INSERT INTO FINAL_TRANSACTION_HISTORY(TRAN_NUM, WITHDRAWAL_ACCOUNT_NUM, DEPOSIT_ACCOUNT_NUM, WITHDRAWAL_NAME,  DEPOSIT_NAME, WITHDRAWAL_BANK_CODE, DEPOSIT_BANK_CODE, WITHDRAWAL_PHONE_NUMBER, DEPOSIT_PHONE_NUMBER, TRAN_AMOUNT, GUEST_GROUP, MEMBER_TYPE)
VALUES(SEQ_FINAL_TRANSACTION_HISTORY_NO.nextval, '9-00212-66507', '2-68204-14257', '신태양','이신부', '9', '2', '01033216654','01088888888',200000 ,'광명융합기술원' ,'신부');
INSERT INTO FINAL_TRANSACTION_HISTORY(TRAN_NUM, WITHDRAWAL_ACCOUNT_NUM, DEPOSIT_ACCOUNT_NUM, WITHDRAWAL_NAME,  DEPOSIT_NAME, WITHDRAWAL_BANK_CODE, DEPOSIT_BANK_CODE, WITHDRAWAL_PHONE_NUMBER, DEPOSIT_PHONE_NUMBER, TRAN_AMOUNT, GUEST_GROUP, MEMBER_TYPE)
VALUES(SEQ_FINAL_TRANSACTION_HISTORY_NO.nextval, '20-00897-11407', '2-68204-14257', '오세욱','이신부', '20', '2', '01069998881','01088888888',50000 ,'하나고등학교' ,'신부');
INSERT INTO FINAL_TRANSACTION_HISTORY(TRAN_NUM, WITHDRAWAL_ACCOUNT_NUM, DEPOSIT_ACCOUNT_NUM, WITHDRAWAL_NAME,  DEPOSIT_NAME, WITHDRAWAL_BANK_CODE, DEPOSIT_BANK_CODE, WITHDRAWAL_PHONE_NUMBER, DEPOSIT_PHONE_NUMBER, TRAN_AMOUNT, GUEST_GROUP, MEMBER_TYPE)
VALUES(SEQ_FINAL_TRANSACTION_HISTORY_NO.nextval, '20-89750-22202', '2-68204-14257', '최영환','이신부', '20', '2', '01044149974','01088888888',50000 ,'청라초등학교' ,'신부');
INSERT INTO FINAL_TRANSACTION_HISTORY(TRAN_NUM, WITHDRAWAL_ACCOUNT_NUM, DEPOSIT_ACCOUNT_NUM, WITHDRAWAL_NAME,  DEPOSIT_NAME, WITHDRAWAL_BANK_CODE, DEPOSIT_BANK_CODE, WITHDRAWAL_PHONE_NUMBER, DEPOSIT_PHONE_NUMBER, TRAN_AMOUNT, GUEST_GROUP, MEMBER_TYPE)
VALUES(SEQ_FINAL_TRANSACTION_HISTORY_NO.nextval, '2-02462-22102', '2-68204-14257', '김용걸','이신부', '2', '2', '01044433331','01088888888',100000 ,'하나고등학교' ,'신부');
INSERT INTO FINAL_TRANSACTION_HISTORY(TRAN_NUM, WITHDRAWAL_ACCOUNT_NUM, DEPOSIT_ACCOUNT_NUM, WITHDRAWAL_NAME,  DEPOSIT_NAME, WITHDRAWAL_BANK_CODE, DEPOSIT_BANK_CODE, WITHDRAWAL_PHONE_NUMBER, DEPOSIT_PHONE_NUMBER, TRAN_AMOUNT, GUEST_GROUP, MEMBER_TYPE)
VALUES(SEQ_FINAL_TRANSACTION_HISTORY_NO.nextval, '2-78887-98660', '2-68204-14257', '노석원','이신부', '2', '2', '01055577744','01088888888',200000 ,'하나금융티아이' ,'신부');
INSERT INTO FINAL_TRANSACTION_HISTORY(TRAN_NUM, WITHDRAWAL_ACCOUNT_NUM, DEPOSIT_ACCOUNT_NUM, WITHDRAWAL_NAME,  DEPOSIT_NAME, WITHDRAWAL_BANK_CODE, DEPOSIT_BANK_CODE, WITHDRAWAL_PHONE_NUMBER, DEPOSIT_PHONE_NUMBER, TRAN_AMOUNT, GUEST_GROUP, MEMBER_TYPE)
VALUES(SEQ_FINAL_TRANSACTION_HISTORY_NO.nextval, '20-66560-44208', '2-68204-14257', '채준영','이신부', '20', '2', '01099930012','01088888888',50000 ,'광명융합기술원' ,'신부');
INSERT INTO FINAL_TRANSACTION_HISTORY(TRAN_NUM, WITHDRAWAL_ACCOUNT_NUM, DEPOSIT_ACCOUNT_NUM, WITHDRAWAL_NAME,  DEPOSIT_NAME, WITHDRAWAL_BANK_CODE, DEPOSIT_BANK_CODE, WITHDRAWAL_PHONE_NUMBER, DEPOSIT_PHONE_NUMBER, TRAN_AMOUNT, GUEST_GROUP, MEMBER_TYPE)
VALUES(SEQ_FINAL_TRANSACTION_HISTORY_NO.nextval, '9-97669-66412', '2-68204-14257', '박세찬','이신부', '9', '2', '01055522399','01088888888',100000 ,'하나고등학교' ,'신부');
INSERT INTO FINAL_TRANSACTION_HISTORY(TRAN_NUM, WITHDRAWAL_ACCOUNT_NUM, DEPOSIT_ACCOUNT_NUM, WITHDRAWAL_NAME,  DEPOSIT_NAME, WITHDRAWAL_BANK_CODE, DEPOSIT_BANK_CODE, WITHDRAWAL_PHONE_NUMBER, DEPOSIT_PHONE_NUMBER, TRAN_AMOUNT, GUEST_GROUP, MEMBER_TYPE)
VALUES(SEQ_FINAL_TRANSACTION_HISTORY_NO.nextval, '20-11141-99989', '2-68204-14257', '장덕조','이신부', '20', '2', '01044718881','01088888888',200000 ,'하나금융티아이' ,'신부');
INSERT INTO FINAL_TRANSACTION_HISTORY(TRAN_NUM, WITHDRAWAL_ACCOUNT_NUM, DEPOSIT_ACCOUNT_NUM, WITHDRAWAL_NAME,  DEPOSIT_NAME, WITHDRAWAL_BANK_CODE, DEPOSIT_BANK_CODE, WITHDRAWAL_PHONE_NUMBER, DEPOSIT_PHONE_NUMBER, TRAN_AMOUNT, GUEST_GROUP, MEMBER_TYPE)
VALUES(SEQ_FINAL_TRANSACTION_HISTORY_NO.nextval, '14-22122-33320', '2-68204-14257', '정재정','이신부', '14', '2', '01022184221','01088888888',50000 ,'광명융합기술원' ,'신부');
INSERT INTO FINAL_TRANSACTION_HISTORY(TRAN_NUM, WITHDRAWAL_ACCOUNT_NUM, DEPOSIT_ACCOUNT_NUM, WITHDRAWAL_NAME,  DEPOSIT_NAME, WITHDRAWAL_BANK_CODE, DEPOSIT_BANK_CODE, WITHDRAWAL_PHONE_NUMBER, DEPOSIT_PHONE_NUMBER, TRAN_AMOUNT, GUEST_GROUP, MEMBER_TYPE)
VALUES(SEQ_FINAL_TRANSACTION_HISTORY_NO.nextval, '20-08858-31302', '2-68204-14257', '권오훈','이신부', '20', '2', '01088471122','01088888888',100000 ,'하나고등학교' ,'신부');
INSERT INTO FINAL_TRANSACTION_HISTORY(TRAN_NUM, WITHDRAWAL_ACCOUNT_NUM, DEPOSIT_ACCOUNT_NUM, WITHDRAWAL_NAME,  DEPOSIT_NAME, WITHDRAWAL_BANK_CODE, DEPOSIT_BANK_CODE, WITHDRAWAL_PHONE_NUMBER, DEPOSIT_PHONE_NUMBER, TRAN_AMOUNT, GUEST_GROUP, MEMBER_TYPE)
VALUES(SEQ_FINAL_TRANSACTION_HISTORY_NO.nextval, '9-64559-68954', '2-68204-14257', '김준기','이신부', '9', '2', '01050114980','01088888888',50000 ,'청라초등학교' ,'신부');
INSERT INTO FINAL_TRANSACTION_HISTORY(TRAN_NUM, WITHDRAWAL_ACCOUNT_NUM, DEPOSIT_ACCOUNT_NUM, WITHDRAWAL_NAME,  DEPOSIT_NAME, WITHDRAWAL_BANK_CODE, DEPOSIT_BANK_CODE, WITHDRAWAL_PHONE_NUMBER, DEPOSIT_PHONE_NUMBER, TRAN_AMOUNT, GUEST_GROUP, MEMBER_TYPE)
VALUES(SEQ_FINAL_TRANSACTION_HISTORY_NO.nextval, '2-03132-02156', '2-68204-14257', '이동규','이신부', '2', '2', '01047357480','01088888888',50000 ,'하나고등학교' ,'신부');
INSERT INTO FINAL_TRANSACTION_HISTORY(TRAN_NUM, WITHDRAWAL_ACCOUNT_NUM, DEPOSIT_ACCOUNT_NUM, WITHDRAWAL_NAME,  DEPOSIT_NAME, WITHDRAWAL_BANK_CODE, DEPOSIT_BANK_CODE, WITHDRAWAL_PHONE_NUMBER, DEPOSIT_PHONE_NUMBER, TRAN_AMOUNT, GUEST_GROUP, MEMBER_TYPE)
VALUES(SEQ_FINAL_TRANSACTION_HISTORY_NO.nextval, '20-54687-98904', '2-68204-14257', '박영춘','이신부', '20', '2', '01088817772','01088888888',100000 ,'청라초등학교' ,'신부');
INSERT INTO FINAL_TRANSACTION_HISTORY(TRAN_NUM, WITHDRAWAL_ACCOUNT_NUM, DEPOSIT_ACCOUNT_NUM, WITHDRAWAL_NAME,  DEPOSIT_NAME, WITHDRAWAL_BANK_CODE, DEPOSIT_BANK_CODE, WITHDRAWAL_PHONE_NUMBER, DEPOSIT_PHONE_NUMBER, TRAN_AMOUNT, GUEST_GROUP, MEMBER_TYPE)
VALUES(SEQ_FINAL_TRANSACTION_HISTORY_NO.nextval, '9-00050-66663', '2-68204-14257', '황지호','이신부', '9', '2', '01099992771','01088888888',200000 ,'광명융합기술원' ,'신부');
INSERT INTO FINAL_TRANSACTION_HISTORY(TRAN_NUM, WITHDRAWAL_ACCOUNT_NUM, DEPOSIT_ACCOUNT_NUM, WITHDRAWAL_NAME,  DEPOSIT_NAME, WITHDRAWAL_BANK_CODE, DEPOSIT_BANK_CODE, WITHDRAWAL_PHONE_NUMBER, DEPOSIT_PHONE_NUMBER, TRAN_AMOUNT, GUEST_GROUP, MEMBER_TYPE)
VALUES(SEQ_FINAL_TRANSACTION_HISTORY_NO.nextval, '20-77854-00465', '2-68204-14257', '장재형','이신부', '20', '2', '01088688681','01088888888',50000 ,'하나금융티아이' ,'신부');
INSERT INTO FINAL_TRANSACTION_HISTORY(TRAN_NUM, WITHDRAWAL_ACCOUNT_NUM, DEPOSIT_ACCOUNT_NUM, WITHDRAWAL_NAME,  DEPOSIT_NAME, WITHDRAWAL_BANK_CODE, DEPOSIT_BANK_CODE, WITHDRAWAL_PHONE_NUMBER, DEPOSIT_PHONE_NUMBER, TRAN_AMOUNT, GUEST_GROUP, MEMBER_TYPE)
VALUES(SEQ_FINAL_TRANSACTION_HISTORY_NO.nextval, '2-44622-66529', '2-68204-14257', '조현우','이신부', '2', '2', '01099301232','01088888888',100000 ,'하나고등학교' ,'신부');
INSERT INTO FINAL_TRANSACTION_HISTORY(TRAN_NUM, WITHDRAWAL_ACCOUNT_NUM, DEPOSIT_ACCOUNT_NUM, WITHDRAWAL_NAME,  DEPOSIT_NAME, WITHDRAWAL_BANK_CODE, DEPOSIT_BANK_CODE, WITHDRAWAL_PHONE_NUMBER, DEPOSIT_PHONE_NUMBER, TRAN_AMOUNT, GUEST_GROUP, MEMBER_TYPE)
VALUES(SEQ_FINAL_TRANSACTION_HISTORY_NO.nextval, '2-22888-30798', '2-68204-14257', '김보성','이신부', '2', '2', '01009877774','01088888888',50000 ,'기타' ,'신부');
INSERT INTO FINAL_TRANSACTION_HISTORY(TRAN_NUM, WITHDRAWAL_ACCOUNT_NUM, DEPOSIT_ACCOUNT_NUM, WITHDRAWAL_NAME,  DEPOSIT_NAME, WITHDRAWAL_BANK_CODE, DEPOSIT_BANK_CODE, WITHDRAWAL_PHONE_NUMBER, DEPOSIT_PHONE_NUMBER, TRAN_AMOUNT, GUEST_GROUP, MEMBER_TYPE)
VALUES(SEQ_FINAL_TRANSACTION_HISTORY_NO.nextval, '9-88599-64025', '2-68204-14257', '김보현','이신부', '9', '2', '01088320992','01088888888',100000 ,'광명융합기술원' ,'신부');
INSERT INTO FINAL_TRANSACTION_HISTORY(TRAN_NUM, WITHDRAWAL_ACCOUNT_NUM, DEPOSIT_ACCOUNT_NUM, WITHDRAWAL_NAME,  DEPOSIT_NAME, WITHDRAWAL_BANK_CODE, DEPOSIT_BANK_CODE, WITHDRAWAL_PHONE_NUMBER, DEPOSIT_PHONE_NUMBER, TRAN_AMOUNT, GUEST_GROUP, MEMBER_TYPE)
VALUES(SEQ_FINAL_TRANSACTION_HISTORY_NO.nextval, '20-77707-00054', '2-68204-14257', '차종학','이신부', '20', '2', '01099266510','01088888888',50000 ,'하나금융티아이' ,'신부');
INSERT INTO FINAL_TRANSACTION_HISTORY(TRAN_NUM, WITHDRAWAL_ACCOUNT_NUM, DEPOSIT_ACCOUNT_NUM, WITHDRAWAL_NAME,  DEPOSIT_NAME, WITHDRAWAL_BANK_CODE, DEPOSIT_BANK_CODE, WITHDRAWAL_PHONE_NUMBER, DEPOSIT_PHONE_NUMBER, TRAN_AMOUNT, GUEST_GROUP, MEMBER_TYPE)
VALUES(SEQ_FINAL_TRANSACTION_HISTORY_NO.nextval, '2-79658-95100', '2-68204-14257', '장호철','이신부', '2', '2', '01012345532','01088888888',100000 ,'하나고등학교' ,'신부');
INSERT INTO FINAL_TRANSACTION_HISTORY(TRAN_NUM, WITHDRAWAL_ACCOUNT_NUM, DEPOSIT_ACCOUNT_NUM, WITHDRAWAL_NAME,  DEPOSIT_NAME, WITHDRAWAL_BANK_CODE, DEPOSIT_BANK_CODE, WITHDRAWAL_PHONE_NUMBER, DEPOSIT_PHONE_NUMBER, TRAN_AMOUNT, GUEST_GROUP, MEMBER_TYPE)
VALUES(SEQ_FINAL_TRANSACTION_HISTORY_NO.nextval, '9-55864-76405', '2-68204-14257', '변준오','이신부', '9', '2', '01055678913','01088888888',50000 ,'하나금융티아이' ,'신부');
INSERT INTO FINAL_TRANSACTION_HISTORY(TRAN_NUM, WITHDRAWAL_ACCOUNT_NUM, DEPOSIT_ACCOUNT_NUM, WITHDRAWAL_NAME,  DEPOSIT_NAME, WITHDRAWAL_BANK_CODE, DEPOSIT_BANK_CODE, WITHDRAWAL_PHONE_NUMBER, DEPOSIT_PHONE_NUMBER, TRAN_AMOUNT, GUEST_GROUP, MEMBER_TYPE)
VALUES(SEQ_FINAL_TRANSACTION_HISTORY_NO.nextval, '20-31322-60255', '2-68204-14257', '윤도일','이신부', '20', '2', '01044321352','01088888888',200000 ,'기타' ,'신부');
INSERT INTO FINAL_TRANSACTION_HISTORY(TRAN_NUM, WITHDRAWAL_ACCOUNT_NUM, DEPOSIT_ACCOUNT_NUM, WITHDRAWAL_NAME,  DEPOSIT_NAME, WITHDRAWAL_BANK_CODE, DEPOSIT_BANK_CODE, WITHDRAWAL_PHONE_NUMBER, DEPOSIT_PHONE_NUMBER, TRAN_AMOUNT, GUEST_GROUP, MEMBER_TYPE)
VALUES(SEQ_FINAL_TRANSACTION_HISTORY_NO.nextval, '14-38795-65884', '2-68204-14257', '이승진','이신부', '14', '2', '01093725112','01088888888',50000 ,'광명융합기술원' ,'신부');
INSERT INTO FINAL_TRANSACTION_HISTORY(TRAN_NUM, WITHDRAWAL_ACCOUNT_NUM, DEPOSIT_ACCOUNT_NUM, WITHDRAWAL_NAME,  DEPOSIT_NAME, WITHDRAWAL_BANK_CODE, DEPOSIT_BANK_CODE, WITHDRAWAL_PHONE_NUMBER, DEPOSIT_PHONE_NUMBER, TRAN_AMOUNT, GUEST_GROUP, MEMBER_TYPE)
VALUES(SEQ_FINAL_TRANSACTION_HISTORY_NO.nextval, '2-02468-33350', '2-68204-14257', '김은동','이신부', '2', '2', '01016776748','01088888888',100000 ,'하나고등학교' ,'신부');
INSERT INTO FINAL_TRANSACTION_HISTORY(TRAN_NUM, WITHDRAWAL_ACCOUNT_NUM, DEPOSIT_ACCOUNT_NUM, WITHDRAWAL_NAME,  DEPOSIT_NAME, WITHDRAWAL_BANK_CODE, DEPOSIT_BANK_CODE, WITHDRAWAL_PHONE_NUMBER, DEPOSIT_PHONE_NUMBER, TRAN_AMOUNT, GUEST_GROUP, MEMBER_TYPE)
VALUES(SEQ_FINAL_TRANSACTION_HISTORY_NO.nextval, '20-65809-44100', '2-68204-14257', '김한결','이신부', '20', '2', '01022321777','01088888888',50000 ,'기타' ,'신부');
INSERT INTO FINAL_TRANSACTION_HISTORY(TRAN_NUM, WITHDRAWAL_ACCOUNT_NUM, DEPOSIT_ACCOUNT_NUM, WITHDRAWAL_NAME,  DEPOSIT_NAME, WITHDRAWAL_BANK_CODE, DEPOSIT_BANK_CODE, WITHDRAWAL_PHONE_NUMBER, DEPOSIT_PHONE_NUMBER, TRAN_AMOUNT, GUEST_GROUP, MEMBER_TYPE)
VALUES(SEQ_FINAL_TRANSACTION_HISTORY_NO.nextval, '9-44130-20201', '2-68204-14257', '손복주','이신부', '9', '2', '01093721221','01088888888',200000 ,'청라초등학교' ,'신부');
INSERT INTO FINAL_TRANSACTION_HISTORY(TRAN_NUM, WITHDRAWAL_ACCOUNT_NUM, DEPOSIT_ACCOUNT_NUM, WITHDRAWAL_NAME,  DEPOSIT_NAME, WITHDRAWAL_BANK_CODE, DEPOSIT_BANK_CODE, WITHDRAWAL_PHONE_NUMBER, DEPOSIT_PHONE_NUMBER, TRAN_AMOUNT, GUEST_GROUP, MEMBER_TYPE)
VALUES(SEQ_FINAL_TRANSACTION_HISTORY_NO.nextval, '2-16523-30358', '2-68204-14257', '박규태','이신부', '2', '2', '01025505004','01088888888',100000 ,'광명융합기술원' ,'신부');
INSERT INTO FINAL_TRANSACTION_HISTORY(TRAN_NUM, WITHDRAWAL_ACCOUNT_NUM, DEPOSIT_ACCOUNT_NUM, WITHDRAWAL_NAME,  DEPOSIT_NAME, WITHDRAWAL_BANK_CODE, DEPOSIT_BANK_CODE, WITHDRAWAL_PHONE_NUMBER, DEPOSIT_PHONE_NUMBER, TRAN_AMOUNT, GUEST_GROUP, MEMBER_TYPE)
VALUES(SEQ_FINAL_TRANSACTION_HISTORY_NO.nextval, '20-98563-66251', '2-68204-14257', '문석인','이신부', '20', '2', '01030063822','01088888888',50000 ,'풍생고등학교' ,'신부');
INSERT INTO FINAL_TRANSACTION_HISTORY(TRAN_NUM, WITHDRAWAL_ACCOUNT_NUM, DEPOSIT_ACCOUNT_NUM, WITHDRAWAL_NAME,  DEPOSIT_NAME, WITHDRAWAL_BANK_CODE, DEPOSIT_BANK_CODE, WITHDRAWAL_PHONE_NUMBER, DEPOSIT_PHONE_NUMBER, TRAN_AMOUNT, GUEST_GROUP, MEMBER_TYPE)
VALUES(SEQ_FINAL_TRANSACTION_HISTORY_NO.nextval, '2-09099-06465', '2-68204-14257', '김준영','이신부', '2', '2', '01099766221','01088888888',100000 ,'하나금융티아이' ,'신부');
INSERT INTO FINAL_TRANSACTION_HISTORY(TRAN_NUM, WITHDRAWAL_ACCOUNT_NUM, DEPOSIT_ACCOUNT_NUM, WITHDRAWAL_NAME,  DEPOSIT_NAME, WITHDRAWAL_BANK_CODE, DEPOSIT_BANK_CODE, WITHDRAWAL_PHONE_NUMBER, DEPOSIT_PHONE_NUMBER, TRAN_AMOUNT, GUEST_GROUP, MEMBER_TYPE)
VALUES(SEQ_FINAL_TRANSACTION_HISTORY_NO.nextval, '20-99500-54425', '2-68204-14257', '이국희','이신부', '20', '2', '01000822221','01088888888',50000 ,'기타' ,'신부');
INSERT INTO FINAL_TRANSACTION_HISTORY(TRAN_NUM, WITHDRAWAL_ACCOUNT_NUM, DEPOSIT_ACCOUNT_NUM, WITHDRAWAL_NAME,  DEPOSIT_NAME, WITHDRAWAL_BANK_CODE, DEPOSIT_BANK_CODE, WITHDRAWAL_PHONE_NUMBER, DEPOSIT_PHONE_NUMBER, TRAN_AMOUNT, GUEST_GROUP, MEMBER_TYPE)
VALUES(SEQ_FINAL_TRANSACTION_HISTORY_NO.nextval, '9-46857-55151', '2-68204-14257', '심찬영','이신부', '9', '2', '01055197576','01088888888',200000 ,'하나금융티아이' ,'신부');
INSERT INTO FINAL_TRANSACTION_HISTORY(TRAN_NUM, WITHDRAWAL_ACCOUNT_NUM, DEPOSIT_ACCOUNT_NUM, WITHDRAWAL_NAME,  DEPOSIT_NAME, WITHDRAWAL_BANK_CODE, DEPOSIT_BANK_CODE, WITHDRAWAL_PHONE_NUMBER, DEPOSIT_PHONE_NUMBER, TRAN_AMOUNT, GUEST_GROUP, MEMBER_TYPE)
VALUES(SEQ_FINAL_TRANSACTION_HISTORY_NO.nextval, '2-00135-12022', '2-68204-14257', '조영진','이신부', '2', '2', '01044222211','01088888888',50000 ,'광명융합기술원' ,'신부');
INSERT INTO FINAL_TRANSACTION_HISTORY(TRAN_NUM, WITHDRAWAL_ACCOUNT_NUM, DEPOSIT_ACCOUNT_NUM, WITHDRAWAL_NAME,  DEPOSIT_NAME, WITHDRAWAL_BANK_CODE, DEPOSIT_BANK_CODE, WITHDRAWAL_PHONE_NUMBER, DEPOSIT_PHONE_NUMBER, TRAN_AMOUNT, GUEST_GROUP, MEMBER_TYPE)
VALUES(SEQ_FINAL_TRANSACTION_HISTORY_NO.nextval, '20-91111-02588', '2-68204-14257', '엄지윤','이신부', '20', '2', '01011987543','01088888888',100000 ,'풍생고등학교' ,'신부');
INSERT INTO FINAL_TRANSACTION_HISTORY(TRAN_NUM, WITHDRAWAL_ACCOUNT_NUM, DEPOSIT_ACCOUNT_NUM, WITHDRAWAL_NAME,  DEPOSIT_NAME, WITHDRAWAL_BANK_CODE, DEPOSIT_BANK_CODE, WITHDRAWAL_PHONE_NUMBER, DEPOSIT_PHONE_NUMBER, TRAN_AMOUNT, GUEST_GROUP, MEMBER_TYPE)
VALUES(SEQ_FINAL_TRANSACTION_HISTORY_NO.nextval, '2-11688-04645', '2-68204-14257', '박예진','이신부', '2', '2', '01099372779','01088888888',50000 ,'청라초등학교' ,'신부');
INSERT INTO FINAL_TRANSACTION_HISTORY(TRAN_NUM, WITHDRAWAL_ACCOUNT_NUM, DEPOSIT_ACCOUNT_NUM, WITHDRAWAL_NAME,  DEPOSIT_NAME, WITHDRAWAL_BANK_CODE, DEPOSIT_BANK_CODE, WITHDRAWAL_PHONE_NUMBER, DEPOSIT_PHONE_NUMBER, TRAN_AMOUNT, GUEST_GROUP, MEMBER_TYPE)
VALUES(SEQ_FINAL_TRANSACTION_HISTORY_NO.nextval, '9-55588-44985', '2-68204-14257', '오소영','이신부', '9', '2', '01077787764','01088888888',50000 ,'하나금융티아이' ,'신부');
INSERT INTO FINAL_TRANSACTION_HISTORY(TRAN_NUM, WITHDRAWAL_ACCOUNT_NUM, DEPOSIT_ACCOUNT_NUM, WITHDRAWAL_NAME,  DEPOSIT_NAME, WITHDRAWAL_BANK_CODE, DEPOSIT_BANK_CODE, WITHDRAWAL_PHONE_NUMBER, DEPOSIT_PHONE_NUMBER, TRAN_AMOUNT, GUEST_GROUP, MEMBER_TYPE)
VALUES(SEQ_FINAL_TRANSACTION_HISTORY_NO.nextval, '20-66633-40130', '2-68204-14257', '왕아름','이신부', '20', '2', '01099556464','01088888888',200000 ,'풍생고등학교' ,'신부');
INSERT INTO FINAL_TRANSACTION_HISTORY(TRAN_NUM, WITHDRAWAL_ACCOUNT_NUM, DEPOSIT_ACCOUNT_NUM, WITHDRAWAL_NAME,  DEPOSIT_NAME, WITHDRAWAL_BANK_CODE, DEPOSIT_BANK_CODE, WITHDRAWAL_PHONE_NUMBER, DEPOSIT_PHONE_NUMBER, TRAN_AMOUNT, GUEST_GROUP, MEMBER_TYPE)
VALUES(SEQ_FINAL_TRANSACTION_HISTORY_NO.nextval, '2-64556-25014', '2-68204-14257', '송은지','이신부', '2', '2', '01077788881','01088888888',100000 ,'광명융합기술원' ,'신부');
INSERT INTO FINAL_TRANSACTION_HISTORY(TRAN_NUM, WITHDRAWAL_ACCOUNT_NUM, DEPOSIT_ACCOUNT_NUM, WITHDRAWAL_NAME,  DEPOSIT_NAME, WITHDRAWAL_BANK_CODE, DEPOSIT_BANK_CODE, WITHDRAWAL_PHONE_NUMBER, DEPOSIT_PHONE_NUMBER, TRAN_AMOUNT, GUEST_GROUP, MEMBER_TYPE)
VALUES(SEQ_FINAL_TRANSACTION_HISTORY_NO.nextval, '20-33323-92014', '2-68204-14257', '이소현','이신부', '20', '2', '01077311111','01088888888',50000 ,'풍생고등학교' ,'신부');
INSERT INTO FINAL_TRANSACTION_HISTORY(TRAN_NUM, WITHDRAWAL_ACCOUNT_NUM, DEPOSIT_ACCOUNT_NUM, WITHDRAWAL_NAME,  DEPOSIT_NAME, WITHDRAWAL_BANK_CODE, DEPOSIT_BANK_CODE, WITHDRAWAL_PHONE_NUMBER, DEPOSIT_PHONE_NUMBER, TRAN_AMOUNT, GUEST_GROUP, MEMBER_TYPE)
VALUES(SEQ_FINAL_TRANSACTION_HISTORY_NO.nextval, '2-00148-45601', '2-68204-14257', '이나현','이신부', '2', '2', '01099944411','01088888888',100000 ,'기타' ,'신부');
INSERT INTO FINAL_TRANSACTION_HISTORY(TRAN_NUM, WITHDRAWAL_ACCOUNT_NUM, DEPOSIT_ACCOUNT_NUM, WITHDRAWAL_NAME,  DEPOSIT_NAME, WITHDRAWAL_BANK_CODE, DEPOSIT_BANK_CODE, WITHDRAWAL_PHONE_NUMBER, DEPOSIT_PHONE_NUMBER, TRAN_AMOUNT, GUEST_GROUP, MEMBER_TYPE)
VALUES(SEQ_FINAL_TRANSACTION_HISTORY_NO.nextval, '20-88488-02212', '2-68204-14257', '이준호','이신부', '20', '2', '01088444442','01088888888',100000 ,'광명융합기술원' ,'신부');
INSERT INTO FINAL_TRANSACTION_HISTORY(TRAN_NUM, WITHDRAWAL_ACCOUNT_NUM, DEPOSIT_ACCOUNT_NUM, WITHDRAWAL_NAME,  DEPOSIT_NAME, WITHDRAWAL_BANK_CODE, DEPOSIT_BANK_CODE, WITHDRAWAL_PHONE_NUMBER, DEPOSIT_PHONE_NUMBER, TRAN_AMOUNT, GUEST_GROUP, MEMBER_TYPE)
VALUES(SEQ_FINAL_TRANSACTION_HISTORY_NO.nextval, '9-88868-00798', '2-68204-14257', '황인수','이신부', '9', '2', '01099911122','01088888888',50000 ,'하나고등학교' ,'신부');
INSERT INTO FINAL_TRANSACTION_HISTORY(TRAN_NUM, WITHDRAWAL_ACCOUNT_NUM, DEPOSIT_ACCOUNT_NUM, WITHDRAWAL_NAME,  DEPOSIT_NAME, WITHDRAWAL_BANK_CODE, DEPOSIT_BANK_CODE, WITHDRAWAL_PHONE_NUMBER, DEPOSIT_PHONE_NUMBER, TRAN_AMOUNT, GUEST_GROUP, MEMBER_TYPE)
VALUES(SEQ_FINAL_TRANSACTION_HISTORY_NO.nextval, '2-80490-89852', '2-68204-14257', '김태인','이신부', '2', '2', '01022313990','01088888888',200000 ,'하나금융티아이' ,'신부');
INSERT INTO FINAL_TRANSACTION_HISTORY(TRAN_NUM, WITHDRAWAL_ACCOUNT_NUM, DEPOSIT_ACCOUNT_NUM, WITHDRAWAL_NAME,  DEPOSIT_NAME, WITHDRAWAL_BANK_CODE, DEPOSIT_BANK_CODE, WITHDRAWAL_PHONE_NUMBER, DEPOSIT_PHONE_NUMBER, TRAN_AMOUNT, GUEST_GROUP, MEMBER_TYPE)
VALUES(SEQ_FINAL_TRANSACTION_HISTORY_NO.nextval, '20-66513-00154', '2-68204-14257', '위승배','이신부', '20', '2', '01019917771','01088888888',50000 ,'광명융합기술원' ,'신부');

INSERT INTO FINAL_TRANSACTION_HISTORY(TRAN_NUM, WITHDRAWAL_ACCOUNT_NUM, DEPOSIT_ACCOUNT_NUM, WITHDRAWAL_NAME,  DEPOSIT_NAME, WITHDRAWAL_BANK_CODE, DEPOSIT_BANK_CODE, WITHDRAWAL_PHONE_NUMBER, DEPOSIT_PHONE_NUMBER, TRAN_AMOUNT, GUEST_GROUP, MEMBER_TYPE)
VALUES(SEQ_FINAL_TRANSACTION_HISTORY_NO.nextval, '3-02589-77456', '2-68204-14257', '최덕재', '이신부', '3', '2', '01026509600','01088888888',50000 ,'하나고등학교' ,'신부');

INSERT INTO FINAL_TRANSACTION_HISTORY(TRAN_NUM, WITHDRAWAL_ACCOUNT_NUM, DEPOSIT_ACCOUNT_NUM, WITHDRAWAL_NAME,  DEPOSIT_NAME, WITHDRAWAL_BANK_CODE, DEPOSIT_BANK_CODE, WITHDRAWAL_PHONE_NUMBER, DEPOSIT_PHONE_NUMBER, TRAN_AMOUNT, GUEST_GROUP, MEMBER_TYPE)
VALUES(SEQ_FINAL_TRANSACTION_HISTORY_NO.nextval, '3-02589-77456', '2-68204-14257', '최덕재', '김신랑', '3', '2', '01026509600','01099999999',50000 ,'하나고등학교' ,'신랑');

COMMIT;




INSERT INTO FINAL_TRANSACTION_HISTORY(TRAN_NUM, WITHDRAWAL_ACCOUNT_NUM, DEPOSIT_ACCOUNT_NUM, WITHDRAWAL_NAME,  DEPOSIT_NAME, WITHDRAWAL_BANK_CODE, DEPOSIT_BANK_CODE, WITHDRAWAL_PHONE_NUMBER, DEPOSIT_PHONE_NUMBER, TRAN_AMOUNT, GUEST_GROUP, MEMBER_TYPE)
VALUES(SEQ_FINAL_TRANSACTION_HISTORY_NO.nextval, '2-98103-92172' , '2-68204-14257', '관리자','이신부', '2', '2', '01077777777','01099999999',50000,'광명융합기술원' ,'신랑' );

COMMIT;

INSERT INTO FINAL_TRANSACTION_HISTORY(TRAN_NUM, WITHDRAWAL_ACCOUNT_NUM, DEPOSIT_ACCOUNT_NUM, WITHDRAWAL_NAME,  DEPOSIT_NAME, WITHDRAWAL_BANK_CODE, DEPOSIT_BANK_CODE, WITHDRAWAL_PHONE_NUMBER, DEPOSIT_PHONE_NUMBER, TRAN_AMOUNT, GUEST_GROUP, MEMBER_TYPE)
VALUES(SEQ_FINAL_TRANSACTION_HISTORY_NO.nextval, '2-74201-58451', '2-68204-14257', '김병관','김신랑', '2', '2', '01077106366','01099999999',50000 ,'광명융합기술원' ,'신랑');
INSERT INTO FINAL_TRANSACTION_HISTORY(TRAN_NUM, WITHDRAWAL_ACCOUNT_NUM, DEPOSIT_ACCOUNT_NUM, WITHDRAWAL_NAME,  DEPOSIT_NAME, WITHDRAWAL_BANK_CODE, DEPOSIT_BANK_CODE, WITHDRAWAL_PHONE_NUMBER, DEPOSIT_PHONE_NUMBER, TRAN_AMOUNT, GUEST_GROUP, MEMBER_TYPE)
VALUES(SEQ_FINAL_TRANSACTION_HISTORY_NO.nextval,'2-68204-14257', '2-68204-14257', '이신부','김신랑', '2', '2', '01088888888','01099999999',50000 ,'광명융합기술원' ,'신랑');
INSERT INTO FINAL_TRANSACTION_HISTORY(TRAN_NUM, WITHDRAWAL_ACCOUNT_NUM, DEPOSIT_ACCOUNT_NUM, WITHDRAWAL_NAME,  DEPOSIT_NAME, WITHDRAWAL_BANK_CODE, DEPOSIT_BANK_CODE, WITHDRAWAL_PHONE_NUMBER, DEPOSIT_PHONE_NUMBER, TRAN_AMOUNT, GUEST_GROUP, MEMBER_TYPE)
VALUES(SEQ_FINAL_TRANSACTION_HISTORY_NO.nextval, '2-00102-63246', '2-68204-14257', '김신랑','김신랑', '2', '2', '01099999999','01099999999',100000 ,'하나고등학교' ,'신랑');
INSERT INTO FINAL_TRANSACTION_HISTORY(TRAN_NUM, WITHDRAWAL_ACCOUNT_NUM, DEPOSIT_ACCOUNT_NUM, WITHDRAWAL_NAME,  DEPOSIT_NAME, WITHDRAWAL_BANK_CODE, DEPOSIT_BANK_CODE, WITHDRAWAL_PHONE_NUMBER, DEPOSIT_PHONE_NUMBER, TRAN_AMOUNT, GUEST_GROUP, MEMBER_TYPE)
VALUES(SEQ_FINAL_TRANSACTION_HISTORY_NO.nextval, '2-54652-76588', '2-68204-14257', '조재희','김신랑', '2', '2', '01033334444','01099999999',50000 ,'하나금융티아이' ,'신랑');
INSERT INTO FINAL_TRANSACTION_HISTORY(TRAN_NUM, WITHDRAWAL_ACCOUNT_NUM, DEPOSIT_ACCOUNT_NUM, WITHDRAWAL_NAME,  DEPOSIT_NAME, WITHDRAWAL_BANK_CODE, DEPOSIT_BANK_CODE, WITHDRAWAL_PHONE_NUMBER, DEPOSIT_PHONE_NUMBER, TRAN_AMOUNT, GUEST_GROUP, MEMBER_TYPE)
VALUES(SEQ_FINAL_TRANSACTION_HISTORY_NO.nextval, '2-02589-77456', '2-68204-14257', '최덕재','김신랑', '2', '2', '01011112222','01099999999',50000 ,'하나고등학교' ,'신랑');
INSERT INTO FINAL_TRANSACTION_HISTORY(TRAN_NUM, WITHDRAWAL_ACCOUNT_NUM, DEPOSIT_ACCOUNT_NUM, WITHDRAWAL_NAME,  DEPOSIT_NAME, WITHDRAWAL_BANK_CODE, DEPOSIT_BANK_CODE, WITHDRAWAL_PHONE_NUMBER, DEPOSIT_PHONE_NUMBER, TRAN_AMOUNT, GUEST_GROUP, MEMBER_TYPE)
VALUES(SEQ_FINAL_TRANSACTION_HISTORY_NO.nextval, '20-36665-32164', '2-68204-14257', '전형진','김신랑', '20', '2', '01022223333','01099999999',200000 ,'광명융합기술원' ,'신랑');


INSERT INTO FINAL_TRANSACTION_HISTORY(TRAN_NUM, WITHDRAWAL_ACCOUNT_NUM, DEPOSIT_ACCOUNT_NUM, WITHDRAWAL_NAME,  DEPOSIT_NAME, WITHDRAWAL_BANK_CODE, DEPOSIT_BANK_CODE, WITHDRAWAL_PHONE_NUMBER, DEPOSIT_PHONE_NUMBER, TRAN_AMOUNT, GUEST_GROUP, MEMBER_TYPE)
VALUES(SEQ_FINAL_TRANSACTION_HISTORY_NO.nextval, '9-52166-25463', '2-68204-14257', '박지훈','김신랑', '9', '2', '01034345656','01099999999',50000 ,'하나금융티아이' ,'신랑');
INSERT INTO FINAL_TRANSACTION_HISTORY(TRAN_NUM, WITHDRAWAL_ACCOUNT_NUM, DEPOSIT_ACCOUNT_NUM, WITHDRAWAL_NAME,  DEPOSIT_NAME, WITHDRAWAL_BANK_CODE, DEPOSIT_BANK_CODE, WITHDRAWAL_PHONE_NUMBER, DEPOSIT_PHONE_NUMBER, TRAN_AMOUNT, GUEST_GROUP, MEMBER_TYPE)
VALUES(SEQ_FINAL_TRANSACTION_HISTORY_NO.nextval, '9-64044-64642', '2-68204-14257', '김선영','김신랑', '9', '2', '01087875656','01099999999',100000 ,'하나금융티아이' ,'신랑');
INSERT INTO FINAL_TRANSACTION_HISTORY(TRAN_NUM, WITHDRAWAL_ACCOUNT_NUM, DEPOSIT_ACCOUNT_NUM, WITHDRAWAL_NAME,  DEPOSIT_NAME, WITHDRAWAL_BANK_CODE, DEPOSIT_BANK_CODE, WITHDRAWAL_PHONE_NUMBER, DEPOSIT_PHONE_NUMBER, TRAN_AMOUNT, GUEST_GROUP, MEMBER_TYPE)
VALUES(SEQ_FINAL_TRANSACTION_HISTORY_NO.nextval, '2-98052-13524', '2-68204-14257', '정의정','김신랑', '2', '2', '01022335656','01099999999',50000 ,'하나고등학교' ,'신랑');
INSERT INTO FINAL_TRANSACTION_HISTORY(TRAN_NUM, WITHDRAWAL_ACCOUNT_NUM, DEPOSIT_ACCOUNT_NUM, WITHDRAWAL_NAME,  DEPOSIT_NAME, WITHDRAWAL_BANK_CODE, DEPOSIT_BANK_CODE, WITHDRAWAL_PHONE_NUMBER, DEPOSIT_PHONE_NUMBER, TRAN_AMOUNT, GUEST_GROUP, MEMBER_TYPE)
VALUES(SEQ_FINAL_TRANSACTION_HISTORY_NO.nextval, '20-00120-32154', '2-68204-14257', '박수민','김신랑', '20', '2', '01077795656','01099999999',200000 ,'광명융합기술원' ,'신랑');
INSERT INTO FINAL_TRANSACTION_HISTORY(TRAN_NUM, WITHDRAWAL_ACCOUNT_NUM, DEPOSIT_ACCOUNT_NUM, WITHDRAWAL_NAME,  DEPOSIT_NAME, WITHDRAWAL_BANK_CODE, DEPOSIT_BANK_CODE, WITHDRAWAL_PHONE_NUMBER, DEPOSIT_PHONE_NUMBER, TRAN_AMOUNT, GUEST_GROUP, MEMBER_TYPE)
VALUES(SEQ_FINAL_TRANSACTION_HISTORY_NO.nextval, '2-98232-11124', '2-68204-14257', '박현성','김신랑', '2', '2', '01077796661','01099999999',100000 ,'청라초등학교' ,'신랑');
INSERT INTO FINAL_TRANSACTION_HISTORY(TRAN_NUM, WITHDRAWAL_ACCOUNT_NUM, DEPOSIT_ACCOUNT_NUM, WITHDRAWAL_NAME,  DEPOSIT_NAME, WITHDRAWAL_BANK_CODE, DEPOSIT_BANK_CODE, WITHDRAWAL_PHONE_NUMBER, DEPOSIT_PHONE_NUMBER, TRAN_AMOUNT, GUEST_GROUP, MEMBER_TYPE)
VALUES(SEQ_FINAL_TRANSACTION_HISTORY_NO.nextval, '14-00145-31325', '2-68204-14257', '신지원','김신랑', '14', '2', '01033226661','01099999999',100000 ,'하나금융티아이' ,'신랑');
INSERT INTO FINAL_TRANSACTION_HISTORY(TRAN_NUM, WITHDRAWAL_ACCOUNT_NUM, DEPOSIT_ACCOUNT_NUM, WITHDRAWAL_NAME,  DEPOSIT_NAME, WITHDRAWAL_BANK_CODE, DEPOSIT_BANK_CODE, WITHDRAWAL_PHONE_NUMBER, DEPOSIT_PHONE_NUMBER, TRAN_AMOUNT, GUEST_GROUP, MEMBER_TYPE)
VALUES(SEQ_FINAL_TRANSACTION_HISTORY_NO.nextval, '20-79750-98547', '2-68204-14257', '박수혁','김신랑', '20', '2', '01022126661','01099999999',50000 ,'광명융합기술원' ,'신랑');
INSERT INTO FINAL_TRANSACTION_HISTORY(TRAN_NUM, WITHDRAWAL_ACCOUNT_NUM, DEPOSIT_ACCOUNT_NUM, WITHDRAWAL_NAME,  DEPOSIT_NAME, WITHDRAWAL_BANK_CODE, DEPOSIT_BANK_CODE, WITHDRAWAL_PHONE_NUMBER, DEPOSIT_PHONE_NUMBER, TRAN_AMOUNT, GUEST_GROUP, MEMBER_TYPE)
VALUES(SEQ_FINAL_TRANSACTION_HISTORY_NO.nextval, '2-08888-33265', '2-68204-14257', '이정환','김신랑', '2', '2', '01099016661','01099999999',1000000 ,'하나금융티아이' ,'신랑');
INSERT INTO FINAL_TRANSACTION_HISTORY(TRAN_NUM, WITHDRAWAL_ACCOUNT_NUM, DEPOSIT_ACCOUNT_NUM, WITHDRAWAL_NAME,  DEPOSIT_NAME, WITHDRAWAL_BANK_CODE, DEPOSIT_BANK_CODE, WITHDRAWAL_PHONE_NUMBER, DEPOSIT_PHONE_NUMBER, TRAN_AMOUNT, GUEST_GROUP, MEMBER_TYPE)
VALUES(SEQ_FINAL_TRANSACTION_HISTORY_NO.nextval, '2-04454-54454', '2-68204-14257', '박준영','김신랑', '2', '2', '01033229666','01099999999',50000 ,'청라초등학교' ,'신랑');
INSERT INTO FINAL_TRANSACTION_HISTORY(TRAN_NUM, WITHDRAWAL_ACCOUNT_NUM, DEPOSIT_ACCOUNT_NUM, WITHDRAWAL_NAME,  DEPOSIT_NAME, WITHDRAWAL_BANK_CODE, DEPOSIT_BANK_CODE, WITHDRAWAL_PHONE_NUMBER, DEPOSIT_PHONE_NUMBER, TRAN_AMOUNT, GUEST_GROUP, MEMBER_TYPE)
VALUES(SEQ_FINAL_TRANSACTION_HISTORY_NO.nextval, '14-45112-32221', '2-68204-14257', '정선','김신랑', '14', '2', '01088655543','01099999999',50000 ,'하나고등학교' ,'신랑');
INSERT INTO FINAL_TRANSACTION_HISTORY(TRAN_NUM, WITHDRAWAL_ACCOUNT_NUM, DEPOSIT_ACCOUNT_NUM, WITHDRAWAL_NAME,  DEPOSIT_NAME, WITHDRAWAL_BANK_CODE, DEPOSIT_BANK_CODE, WITHDRAWAL_PHONE_NUMBER, DEPOSIT_PHONE_NUMBER, TRAN_AMOUNT, GUEST_GROUP, MEMBER_TYPE)
VALUES(SEQ_FINAL_TRANSACTION_HISTORY_NO.nextval, '20-69808-55411', '2-68204-14257', '구이경','김신랑', '20', '2', '01066519666','01099999999',100000 ,'광명융합기술원' ,'신랑');
INSERT INTO FINAL_TRANSACTION_HISTORY(TRAN_NUM, WITHDRAWAL_ACCOUNT_NUM, DEPOSIT_ACCOUNT_NUM, WITHDRAWAL_NAME,  DEPOSIT_NAME, WITHDRAWAL_BANK_CODE, DEPOSIT_BANK_CODE, WITHDRAWAL_PHONE_NUMBER, DEPOSIT_PHONE_NUMBER, TRAN_AMOUNT, GUEST_GROUP, MEMBER_TYPE)
VALUES(SEQ_FINAL_TRANSACTION_HISTORY_NO.nextval, '9-85688-31118', '2-68204-14257', '진수민','김신랑', '9', '2', '01077090099','01099999999',200000 ,'광명융합기술원' ,'신랑');
INSERT INTO FINAL_TRANSACTION_HISTORY(TRAN_NUM, WITHDRAWAL_ACCOUNT_NUM, DEPOSIT_ACCOUNT_NUM, WITHDRAWAL_NAME,  DEPOSIT_NAME, WITHDRAWAL_BANK_CODE, DEPOSIT_BANK_CODE, WITHDRAWAL_PHONE_NUMBER, DEPOSIT_PHONE_NUMBER, TRAN_AMOUNT, GUEST_GROUP, MEMBER_TYPE)
VALUES(SEQ_FINAL_TRANSACTION_HISTORY_NO.nextval, '2-08778-66795', '2-68204-14257', '김윤호','김신랑', '2', '2', '01011225366','01099999999',200000 ,'청라초등학교' ,'신랑');
INSERT INTO FINAL_TRANSACTION_HISTORY(TRAN_NUM, WITHDRAWAL_ACCOUNT_NUM, DEPOSIT_ACCOUNT_NUM, WITHDRAWAL_NAME,  DEPOSIT_NAME, WITHDRAWAL_BANK_CODE, DEPOSIT_BANK_CODE, WITHDRAWAL_PHONE_NUMBER, DEPOSIT_PHONE_NUMBER, TRAN_AMOUNT, GUEST_GROUP, MEMBER_TYPE)
VALUES(SEQ_FINAL_TRANSACTION_HISTORY_NO.nextval, '20-98563-11411', '2-68204-14257', '서유경','김신랑', '20', '2', '01022414423','01099999999',50000 ,'청라초등학교' ,'신랑');
INSERT INTO FINAL_TRANSACTION_HISTORY(TRAN_NUM, WITHDRAWAL_ACCOUNT_NUM, DEPOSIT_ACCOUNT_NUM, WITHDRAWAL_NAME,  DEPOSIT_NAME, WITHDRAWAL_BANK_CODE, DEPOSIT_BANK_CODE, WITHDRAWAL_PHONE_NUMBER, DEPOSIT_PHONE_NUMBER, TRAN_AMOUNT, GUEST_GROUP, MEMBER_TYPE)
VALUES(SEQ_FINAL_TRANSACTION_HISTORY_NO.nextval, '14-08775-33233', '2-68204-14257', '김창대','김신랑', '14', '2', '01047747334','01099999999',100000 ,'광명융합기술원' ,'신랑');
INSERT INTO FINAL_TRANSACTION_HISTORY(TRAN_NUM, WITHDRAWAL_ACCOUNT_NUM, DEPOSIT_ACCOUNT_NUM, WITHDRAWAL_NAME,  DEPOSIT_NAME, WITHDRAWAL_BANK_CODE, DEPOSIT_BANK_CODE, WITHDRAWAL_PHONE_NUMBER, DEPOSIT_PHONE_NUMBER, TRAN_AMOUNT, GUEST_GROUP, MEMBER_TYPE)
VALUES(SEQ_FINAL_TRANSACTION_HISTORY_NO.nextval, '2-77747-66587', '2-68204-14257', '김지환','김신랑', '2', '2', '01023698964','01099999999',1000000 ,'청라초등학교' ,'신랑');
INSERT INTO FINAL_TRANSACTION_HISTORY(TRAN_NUM, WITHDRAWAL_ACCOUNT_NUM, DEPOSIT_ACCOUNT_NUM, WITHDRAWAL_NAME,  DEPOSIT_NAME, WITHDRAWAL_BANK_CODE, DEPOSIT_BANK_CODE, WITHDRAWAL_PHONE_NUMBER, DEPOSIT_PHONE_NUMBER, TRAN_AMOUNT, GUEST_GROUP, MEMBER_TYPE)
VALUES(SEQ_FINAL_TRANSACTION_HISTORY_NO.nextval, '20-74450-33218', '2-68204-14257', '한진규','김신랑', '20', '2', '01055642112','01099999999',2000000 ,'하나고등학교' ,'신랑');
INSERT INTO FINAL_TRANSACTION_HISTORY(TRAN_NUM, WITHDRAWAL_ACCOUNT_NUM, DEPOSIT_ACCOUNT_NUM, WITHDRAWAL_NAME,  DEPOSIT_NAME, WITHDRAWAL_BANK_CODE, DEPOSIT_BANK_CODE, WITHDRAWAL_PHONE_NUMBER, DEPOSIT_PHONE_NUMBER, TRAN_AMOUNT, GUEST_GROUP, MEMBER_TYPE)
VALUES(SEQ_FINAL_TRANSACTION_HISTORY_NO.nextval, '9-32210-97648', '2-68204-14257', '이건우','김신랑', '9', '2', '01099951032','01099999999',50000 ,'청라초등학교' ,'신랑');
INSERT INTO FINAL_TRANSACTION_HISTORY(TRAN_NUM, WITHDRAWAL_ACCOUNT_NUM, DEPOSIT_ACCOUNT_NUM, WITHDRAWAL_NAME,  DEPOSIT_NAME, WITHDRAWAL_BANK_CODE, DEPOSIT_BANK_CODE, WITHDRAWAL_PHONE_NUMBER, DEPOSIT_PHONE_NUMBER, TRAN_AMOUNT, GUEST_GROUP, MEMBER_TYPE)
VALUES(SEQ_FINAL_TRANSACTION_HISTORY_NO.nextval, '2-85555-66663', '2-68204-14257', '김종인','김신랑', '2', '2', '01066688881','01099999999',100000 ,'광명융합기술원' ,'신랑');
INSERT INTO FINAL_TRANSACTION_HISTORY(TRAN_NUM, WITHDRAWAL_ACCOUNT_NUM, DEPOSIT_ACCOUNT_NUM, WITHDRAWAL_NAME,  DEPOSIT_NAME, WITHDRAWAL_BANK_CODE, DEPOSIT_BANK_CODE, WITHDRAWAL_PHONE_NUMBER, DEPOSIT_PHONE_NUMBER, TRAN_AMOUNT, GUEST_GROUP, MEMBER_TYPE)
VALUES(SEQ_FINAL_TRANSACTION_HISTORY_NO.nextval, '20-55505-11115', '2-68204-14257', '김능효','김신랑', '20', '2', '01022311144','01099999999',200000 ,'하나금융티아이' ,'신랑');
INSERT INTO FINAL_TRANSACTION_HISTORY(TRAN_NUM, WITHDRAWAL_ACCOUNT_NUM, DEPOSIT_ACCOUNT_NUM, WITHDRAWAL_NAME,  DEPOSIT_NAME, WITHDRAWAL_BANK_CODE, DEPOSIT_BANK_CODE, WITHDRAWAL_PHONE_NUMBER, DEPOSIT_PHONE_NUMBER, TRAN_AMOUNT, GUEST_GROUP, MEMBER_TYPE)
VALUES(SEQ_FINAL_TRANSACTION_HISTORY_NO.nextval, '2-99599-33256', '2-68204-14257', '고건희','김신랑', '2', '2', '01011299973','01099999999',50000 ,'하나고등학교' ,'신랑');
INSERT INTO FINAL_TRANSACTION_HISTORY(TRAN_NUM, WITHDRAWAL_ACCOUNT_NUM, DEPOSIT_ACCOUNT_NUM, WITHDRAWAL_NAME,  DEPOSIT_NAME, WITHDRAWAL_BANK_CODE, DEPOSIT_BANK_CODE, WITHDRAWAL_PHONE_NUMBER, DEPOSIT_PHONE_NUMBER, TRAN_AMOUNT, GUEST_GROUP, MEMBER_TYPE)
VALUES(SEQ_FINAL_TRANSACTION_HISTORY_NO.nextval, '14-41332-77787', '2-68204-14257', '신용욱','김신랑', '14', '2', '01055499984','01099999999',100000 ,'하나고등학교' ,'신랑');
INSERT INTO FINAL_TRANSACTION_HISTORY(TRAN_NUM, WITHDRAWAL_ACCOUNT_NUM, DEPOSIT_ACCOUNT_NUM, WITHDRAWAL_NAME,  DEPOSIT_NAME, WITHDRAWAL_BANK_CODE, DEPOSIT_BANK_CODE, WITHDRAWAL_PHONE_NUMBER, DEPOSIT_PHONE_NUMBER, TRAN_AMOUNT, GUEST_GROUP, MEMBER_TYPE)
VALUES(SEQ_FINAL_TRANSACTION_HISTORY_NO.nextval, '20-55000-99865', '2-68204-14257', '조도연','김신랑', '20', '2', '01000209992','01099999999',200000 ,'하나금융티아이' ,'신랑');
INSERT INTO FINAL_TRANSACTION_HISTORY(TRAN_NUM, WITHDRAWAL_ACCOUNT_NUM, DEPOSIT_ACCOUNT_NUM, WITHDRAWAL_NAME,  DEPOSIT_NAME, WITHDRAWAL_BANK_CODE, DEPOSIT_BANK_CODE, WITHDRAWAL_PHONE_NUMBER, DEPOSIT_PHONE_NUMBER, TRAN_AMOUNT, GUEST_GROUP, MEMBER_TYPE)
VALUES(SEQ_FINAL_TRANSACTION_HISTORY_NO.nextval, '9-00412-33788', '2-68204-14257', '김태양','김신랑', '9', '2', '01077764443','01099999999',50000 ,'광명융합기술원' ,'신랑');
INSERT INTO FINAL_TRANSACTION_HISTORY(TRAN_NUM, WITHDRAWAL_ACCOUNT_NUM, DEPOSIT_ACCOUNT_NUM, WITHDRAWAL_NAME,  DEPOSIT_NAME, WITHDRAWAL_BANK_CODE, DEPOSIT_BANK_CODE, WITHDRAWAL_PHONE_NUMBER, DEPOSIT_PHONE_NUMBER, TRAN_AMOUNT, GUEST_GROUP, MEMBER_TYPE)
VALUES(SEQ_FINAL_TRANSACTION_HISTORY_NO.nextval, '2-95556-11991', '2-68204-14257', '신대근','김신랑', '2', '2', '01033397773','01099999999',100000 ,'청라초등학교' ,'신랑');
INSERT INTO FINAL_TRANSACTION_HISTORY(TRAN_NUM, WITHDRAWAL_ACCOUNT_NUM, DEPOSIT_ACCOUNT_NUM, WITHDRAWAL_NAME,  DEPOSIT_NAME, WITHDRAWAL_BANK_CODE, DEPOSIT_BANK_CODE, WITHDRAWAL_PHONE_NUMBER, DEPOSIT_PHONE_NUMBER, TRAN_AMOUNT, GUEST_GROUP, MEMBER_TYPE)
VALUES(SEQ_FINAL_TRANSACTION_HISTORY_NO.nextval, '20-33344-77977', '2-68204-14257', '조동환','김신랑', '20', '2', '01019918832','01099999999',50000 ,'하나고등학교' ,'신랑');
INSERT INTO FINAL_TRANSACTION_HISTORY(TRAN_NUM, WITHDRAWAL_ACCOUNT_NUM, DEPOSIT_ACCOUNT_NUM, WITHDRAWAL_NAME,  DEPOSIT_NAME, WITHDRAWAL_BANK_CODE, DEPOSIT_BANK_CODE, WITHDRAWAL_PHONE_NUMBER, DEPOSIT_PHONE_NUMBER, TRAN_AMOUNT, GUEST_GROUP, MEMBER_TYPE)
VALUES(SEQ_FINAL_TRANSACTION_HISTORY_NO.nextval, '2-77440-15546', '2-68204-14257', '박성균','김신랑', '2', '2', '01077199912','01099999999',50000 ,'광명융합기술원' ,'신랑');
INSERT INTO FINAL_TRANSACTION_HISTORY(TRAN_NUM, WITHDRAWAL_ACCOUNT_NUM, DEPOSIT_ACCOUNT_NUM, WITHDRAWAL_NAME,  DEPOSIT_NAME, WITHDRAWAL_BANK_CODE, DEPOSIT_BANK_CODE, WITHDRAWAL_PHONE_NUMBER, DEPOSIT_PHONE_NUMBER, TRAN_AMOUNT, GUEST_GROUP, MEMBER_TYPE)
VALUES(SEQ_FINAL_TRANSACTION_HISTORY_NO.nextval, '2-55098-64886', '2-68204-14257', '김은현','김신랑', '2', '2', '01022338889','01099999999',100000 ,'하나금융티아이' ,'신랑');
INSERT INTO FINAL_TRANSACTION_HISTORY(TRAN_NUM, WITHDRAWAL_ACCOUNT_NUM, DEPOSIT_ACCOUNT_NUM, WITHDRAWAL_NAME,  DEPOSIT_NAME, WITHDRAWAL_BANK_CODE, DEPOSIT_BANK_CODE, WITHDRAWAL_PHONE_NUMBER, DEPOSIT_PHONE_NUMBER, TRAN_AMOUNT, GUEST_GROUP, MEMBER_TYPE)
VALUES(SEQ_FINAL_TRANSACTION_HISTORY_NO.nextval, '14-98504-33175', '2-68204-14257', '양재훈','김신랑', '14', '2', '01011553343','01099999999',200000 ,'기타' ,'신랑');
INSERT INTO FINAL_TRANSACTION_HISTORY(TRAN_NUM, WITHDRAWAL_ACCOUNT_NUM, DEPOSIT_ACCOUNT_NUM, WITHDRAWAL_NAME,  DEPOSIT_NAME, WITHDRAWAL_BANK_CODE, DEPOSIT_BANK_CODE, WITHDRAWAL_PHONE_NUMBER, DEPOSIT_PHONE_NUMBER, TRAN_AMOUNT, GUEST_GROUP, MEMBER_TYPE)
VALUES(SEQ_FINAL_TRANSACTION_HISTORY_NO.nextval, '20-32880-69874', '2-68204-14257', '정영범','김신랑', '20', '2', '01044293382','01099999999',100000 ,'하나고등학교' ,'신랑');
INSERT INTO FINAL_TRANSACTION_HISTORY(TRAN_NUM, WITHDRAWAL_ACCOUNT_NUM, DEPOSIT_ACCOUNT_NUM, WITHDRAWAL_NAME,  DEPOSIT_NAME, WITHDRAWAL_BANK_CODE, DEPOSIT_BANK_CODE, WITHDRAWAL_PHONE_NUMBER, DEPOSIT_PHONE_NUMBER, TRAN_AMOUNT, GUEST_GROUP, MEMBER_TYPE)
VALUES(SEQ_FINAL_TRANSACTION_HISTORY_NO.nextval, '9-00244-31555', '2-68204-14257', '이륭희','김신랑', '9', '2', '01088829992','01099999999',100000 ,'광명융합기술원' ,'신랑');
INSERT INTO FINAL_TRANSACTION_HISTORY(TRAN_NUM, WITHDRAWAL_ACCOUNT_NUM, DEPOSIT_ACCOUNT_NUM, WITHDRAWAL_NAME,  DEPOSIT_NAME, WITHDRAWAL_BANK_CODE, DEPOSIT_BANK_CODE, WITHDRAWAL_PHONE_NUMBER, DEPOSIT_PHONE_NUMBER, TRAN_AMOUNT, GUEST_GROUP, MEMBER_TYPE)
VALUES(SEQ_FINAL_TRANSACTION_HISTORY_NO.nextval, '2-79888-55899', '2-68204-14257', '이국희','김신랑', '2', '2', '01000822221','01099999999',50000 ,'기타' ,'신랑');
INSERT INTO FINAL_TRANSACTION_HISTORY(TRAN_NUM, WITHDRAWAL_ACCOUNT_NUM, DEPOSIT_ACCOUNT_NUM, WITHDRAWAL_NAME,  DEPOSIT_NAME, WITHDRAWAL_BANK_CODE, DEPOSIT_BANK_CODE, WITHDRAWAL_PHONE_NUMBER, DEPOSIT_PHONE_NUMBER, TRAN_AMOUNT, GUEST_GROUP, MEMBER_TYPE)
VALUES(SEQ_FINAL_TRANSACTION_HISTORY_NO.nextval, '20-66549-66455', '2-68204-14257', '정태양','김신랑', '20', '2', '01033377781','01099999999',100000 ,'하나금융티아이' ,'신랑');
INSERT INTO FINAL_TRANSACTION_HISTORY(TRAN_NUM, WITHDRAWAL_ACCOUNT_NUM, DEPOSIT_ACCOUNT_NUM, WITHDRAWAL_NAME,  DEPOSIT_NAME, WITHDRAWAL_BANK_CODE, DEPOSIT_BANK_CODE, WITHDRAWAL_PHONE_NUMBER, DEPOSIT_PHONE_NUMBER, TRAN_AMOUNT, GUEST_GROUP, MEMBER_TYPE)
VALUES(SEQ_FINAL_TRANSACTION_HISTORY_NO.nextval, '2-55554-11777', '2-68204-14257', '곽도근','김신랑', '2', '2', '01066679997','01099999999',100000 ,'하나고등학교' ,'신랑');
INSERT INTO FINAL_TRANSACTION_HISTORY(TRAN_NUM, WITHDRAWAL_ACCOUNT_NUM, DEPOSIT_ACCOUNT_NUM, WITHDRAWAL_NAME,  DEPOSIT_NAME, WITHDRAWAL_BANK_CODE, DEPOSIT_BANK_CODE, WITHDRAWAL_PHONE_NUMBER, DEPOSIT_PHONE_NUMBER, TRAN_AMOUNT, GUEST_GROUP, MEMBER_TYPE)
VALUES(SEQ_FINAL_TRANSACTION_HISTORY_NO.nextval, '20-11254-99988', '2-68204-14257', '임효준','김신랑', '20', '2', '01038839921','01099999999',50000 ,'광명융합기술원' ,'신랑');
INSERT INTO FINAL_TRANSACTION_HISTORY(TRAN_NUM, WITHDRAWAL_ACCOUNT_NUM, DEPOSIT_ACCOUNT_NUM, WITHDRAWAL_NAME,  DEPOSIT_NAME, WITHDRAWAL_BANK_CODE, DEPOSIT_BANK_CODE, WITHDRAWAL_PHONE_NUMBER, DEPOSIT_PHONE_NUMBER, TRAN_AMOUNT, GUEST_GROUP, MEMBER_TYPE)
VALUES(SEQ_FINAL_TRANSACTION_HISTORY_NO.nextval, '2-77857-66644', '2-68204-14257', '나상일','김신랑', '2', '2', '01022938847','01099999999',200000 ,'하나고등학교' ,'신랑');
INSERT INTO FINAL_TRANSACTION_HISTORY(TRAN_NUM, WITHDRAWAL_ACCOUNT_NUM, DEPOSIT_ACCOUNT_NUM, WITHDRAWAL_NAME,  DEPOSIT_NAME, WITHDRAWAL_BANK_CODE, DEPOSIT_BANK_CODE, WITHDRAWAL_PHONE_NUMBER, DEPOSIT_PHONE_NUMBER, TRAN_AMOUNT, GUEST_GROUP, MEMBER_TYPE)
VALUES(SEQ_FINAL_TRANSACTION_HISTORY_NO.nextval, '9-32538-77744', '2-68204-14257', '백찬혁','김신랑', '9', '2', '01011112223','01099999999',1000000 ,'광명융합기술원' ,'신랑');
INSERT INTO FINAL_TRANSACTION_HISTORY(TRAN_NUM, WITHDRAWAL_ACCOUNT_NUM, DEPOSIT_ACCOUNT_NUM, WITHDRAWAL_NAME,  DEPOSIT_NAME, WITHDRAWAL_BANK_CODE, DEPOSIT_BANK_CODE, WITHDRAWAL_PHONE_NUMBER, DEPOSIT_PHONE_NUMBER, TRAN_AMOUNT, GUEST_GROUP, MEMBER_TYPE)
VALUES(SEQ_FINAL_TRANSACTION_HISTORY_NO.nextval, '20-22254-44588', '2-68204-14257', '김형수','김신랑', '20', '2', '01066612223','01099999999',50000 ,'하나금융티아이' ,'신랑');
INSERT INTO FINAL_TRANSACTION_HISTORY(TRAN_NUM, WITHDRAWAL_ACCOUNT_NUM, DEPOSIT_ACCOUNT_NUM, WITHDRAWAL_NAME,  DEPOSIT_NAME, WITHDRAWAL_BANK_CODE, DEPOSIT_BANK_CODE, WITHDRAWAL_PHONE_NUMBER, DEPOSIT_PHONE_NUMBER, TRAN_AMOUNT, GUEST_GROUP, MEMBER_TYPE)
VALUES(SEQ_FINAL_TRANSACTION_HISTORY_NO.nextval, '14-11981-99883', '2-68204-14257', '김영덕','김신랑', '14', '2', '01045454772','01099999999',100000 ,'청라초등학교' ,'신랑');
INSERT INTO FINAL_TRANSACTION_HISTORY(TRAN_NUM, WITHDRAWAL_ACCOUNT_NUM, DEPOSIT_ACCOUNT_NUM, WITHDRAWAL_NAME,  DEPOSIT_NAME, WITHDRAWAL_BANK_CODE, DEPOSIT_BANK_CODE, WITHDRAWAL_PHONE_NUMBER, DEPOSIT_PHONE_NUMBER, TRAN_AMOUNT, GUEST_GROUP, MEMBER_TYPE)
VALUES(SEQ_FINAL_TRANSACTION_HISTORY_NO.nextval, '20-65977-33156', '2-68204-14257', '최현철','김신랑', '20', '2', '01055112214','01099999999',200000 ,'기타' ,'신랑');
INSERT INTO FINAL_TRANSACTION_HISTORY(TRAN_NUM, WITHDRAWAL_ACCOUNT_NUM, DEPOSIT_ACCOUNT_NUM, WITHDRAWAL_NAME,  DEPOSIT_NAME, WITHDRAWAL_BANK_CODE, DEPOSIT_BANK_CODE, WITHDRAWAL_PHONE_NUMBER, DEPOSIT_PHONE_NUMBER, TRAN_AMOUNT, GUEST_GROUP, MEMBER_TYPE)
VALUES(SEQ_FINAL_TRANSACTION_HISTORY_NO.nextval, '2-02498-32154', '2-68204-14257', '유경재','김신랑', '2', '2', '01088872112','01099999999',50000 ,'하나고등학교' ,'신랑');
INSERT INTO FINAL_TRANSACTION_HISTORY(TRAN_NUM, WITHDRAWAL_ACCOUNT_NUM, DEPOSIT_ACCOUNT_NUM, WITHDRAWAL_NAME,  DEPOSIT_NAME, WITHDRAWAL_BANK_CODE, DEPOSIT_BANK_CODE, WITHDRAWAL_PHONE_NUMBER, DEPOSIT_PHONE_NUMBER, TRAN_AMOUNT, GUEST_GROUP, MEMBER_TYPE)
VALUES(SEQ_FINAL_TRANSACTION_HISTORY_NO.nextval, '9-66548-66555', '2-68204-14257', '김학균','김신랑', '9', '2', '01088319900','01099999999',100000 ,'하나금융티아이' ,'신랑');
INSERT INTO FINAL_TRANSACTION_HISTORY(TRAN_NUM, WITHDRAWAL_ACCOUNT_NUM, DEPOSIT_ACCOUNT_NUM, WITHDRAWAL_NAME,  DEPOSIT_NAME, WITHDRAWAL_BANK_CODE, DEPOSIT_BANK_CODE, WITHDRAWAL_PHONE_NUMBER, DEPOSIT_PHONE_NUMBER, TRAN_AMOUNT, GUEST_GROUP, MEMBER_TYPE)
VALUES(SEQ_FINAL_TRANSACTION_HISTORY_NO.nextval, '20-46644-11302', '2-68204-14257', '김무성','김신랑', '20', '2', '01017756349','01099999999',200000 ,'광명융합기술원' ,'신랑');
INSERT INTO FINAL_TRANSACTION_HISTORY(TRAN_NUM, WITHDRAWAL_ACCOUNT_NUM, DEPOSIT_ACCOUNT_NUM, WITHDRAWAL_NAME,  DEPOSIT_NAME, WITHDRAWAL_BANK_CODE, DEPOSIT_BANK_CODE, WITHDRAWAL_PHONE_NUMBER, DEPOSIT_PHONE_NUMBER, TRAN_AMOUNT, GUEST_GROUP, MEMBER_TYPE)
VALUES(SEQ_FINAL_TRANSACTION_HISTORY_NO.nextval, '2-23433-02546', '2-68204-14257', '정동기','김신랑', '2', '2', '01077186665','01099999999',50000 ,'하나고등학교' ,'신랑');
INSERT INTO FINAL_TRANSACTION_HISTORY(TRAN_NUM, WITHDRAWAL_ACCOUNT_NUM, DEPOSIT_ACCOUNT_NUM, WITHDRAWAL_NAME,  DEPOSIT_NAME, WITHDRAWAL_BANK_CODE, DEPOSIT_BANK_CODE, WITHDRAWAL_PHONE_NUMBER, DEPOSIT_PHONE_NUMBER, TRAN_AMOUNT, GUEST_GROUP, MEMBER_TYPE)
VALUES(SEQ_FINAL_TRANSACTION_HISTORY_NO.nextval, '20-36669-98604', '2-68204-14257', '박종화','김신랑', '20', '2', '01011155532','01099999999',100000 ,'청라초등학교' ,'신랑');
INSERT INTO FINAL_TRANSACTION_HISTORY(TRAN_NUM, WITHDRAWAL_ACCOUNT_NUM, DEPOSIT_ACCOUNT_NUM, WITHDRAWAL_NAME,  DEPOSIT_NAME, WITHDRAWAL_BANK_CODE, DEPOSIT_BANK_CODE, WITHDRAWAL_PHONE_NUMBER, DEPOSIT_PHONE_NUMBER, TRAN_AMOUNT, GUEST_GROUP, MEMBER_TYPE)
VALUES(SEQ_FINAL_TRANSACTION_HISTORY_NO.nextval, '9-45558-06579', '2-68204-14257', '박종범','김신랑', '9', '2', '01038872122','01099999999',50000 ,'기타' ,'신랑');
INSERT INTO FINAL_TRANSACTION_HISTORY(TRAN_NUM, WITHDRAWAL_ACCOUNT_NUM, DEPOSIT_ACCOUNT_NUM, WITHDRAWAL_NAME,  DEPOSIT_NAME, WITHDRAWAL_BANK_CODE, DEPOSIT_BANK_CODE, WITHDRAWAL_PHONE_NUMBER, DEPOSIT_PHONE_NUMBER, TRAN_AMOUNT, GUEST_GROUP, MEMBER_TYPE)
VALUES(SEQ_FINAL_TRANSACTION_HISTORY_NO.nextval, '20-77977-65411', '2-68204-14257', '정호근','김신랑', '20', '2', '01044422987','01099999999',100000 ,'하나고등학교' ,'신랑');
INSERT INTO FINAL_TRANSACTION_HISTORY(TRAN_NUM, WITHDRAWAL_ACCOUNT_NUM, DEPOSIT_ACCOUNT_NUM, WITHDRAWAL_NAME,  DEPOSIT_NAME, WITHDRAWAL_BANK_CODE, DEPOSIT_BANK_CODE, WITHDRAWAL_PHONE_NUMBER, DEPOSIT_PHONE_NUMBER, TRAN_AMOUNT, GUEST_GROUP, MEMBER_TYPE)
VALUES(SEQ_FINAL_TRANSACTION_HISTORY_NO.nextval, '14-71111-00056', '2-68204-14257', '이석봉','김신랑', '14', '2', '01023096645','01099999999',50000 ,'광명융합기술원' ,'신랑');
INSERT INTO FINAL_TRANSACTION_HISTORY(TRAN_NUM, WITHDRAWAL_ACCOUNT_NUM, DEPOSIT_ACCOUNT_NUM, WITHDRAWAL_NAME,  DEPOSIT_NAME, WITHDRAWAL_BANK_CODE, DEPOSIT_BANK_CODE, WITHDRAWAL_PHONE_NUMBER, DEPOSIT_PHONE_NUMBER, TRAN_AMOUNT, GUEST_GROUP, MEMBER_TYPE)
VALUES(SEQ_FINAL_TRANSACTION_HISTORY_NO.nextval, '20-46666-98504', '2-68204-14257', '황영하','김신랑', '20', '2', '01033533321','01099999999',100000 ,'하나고등학교' ,'신랑');
INSERT INTO FINAL_TRANSACTION_HISTORY(TRAN_NUM, WITHDRAWAL_ACCOUNT_NUM, DEPOSIT_ACCOUNT_NUM, WITHDRAWAL_NAME,  DEPOSIT_NAME, WITHDRAWAL_BANK_CODE, DEPOSIT_BANK_CODE, WITHDRAWAL_PHONE_NUMBER, DEPOSIT_PHONE_NUMBER, TRAN_AMOUNT, GUEST_GROUP, MEMBER_TYPE)
VALUES(SEQ_FINAL_TRANSACTION_HISTORY_NO.nextval, '2-95551-07000', '2-68204-14257', '김동민','김신랑', '2', '2', '01031325532','01099999999',50000 ,'하나금융티아이' ,'신랑');
INSERT INTO FINAL_TRANSACTION_HISTORY(TRAN_NUM, WITHDRAWAL_ACCOUNT_NUM, DEPOSIT_ACCOUNT_NUM, WITHDRAWAL_NAME,  DEPOSIT_NAME, WITHDRAWAL_BANK_CODE, DEPOSIT_BANK_CODE, WITHDRAWAL_PHONE_NUMBER, DEPOSIT_PHONE_NUMBER, TRAN_AMOUNT, GUEST_GROUP, MEMBER_TYPE)
VALUES(SEQ_FINAL_TRANSACTION_HISTORY_NO.nextval, '20-11101-03588', '2-68204-14257', '홍석원','김신랑', '20', '2', '01099918823','01099999999',100000 ,'하나고등학교' ,'신랑');
INSERT INTO FINAL_TRANSACTION_HISTORY(TRAN_NUM, WITHDRAWAL_ACCOUNT_NUM, DEPOSIT_ACCOUNT_NUM, WITHDRAWAL_NAME,  DEPOSIT_NAME, WITHDRAWAL_BANK_CODE, DEPOSIT_BANK_CODE, WITHDRAWAL_PHONE_NUMBER, DEPOSIT_PHONE_NUMBER, TRAN_AMOUNT, GUEST_GROUP, MEMBER_TYPE)
VALUES(SEQ_FINAL_TRANSACTION_HISTORY_NO.nextval, '9-00212-66507', '2-68204-14257', '신태양','김신랑', '9', '2', '01033216654','01099999999',200000 ,'광명융합기술원' ,'신랑');
INSERT INTO FINAL_TRANSACTION_HISTORY(TRAN_NUM, WITHDRAWAL_ACCOUNT_NUM, DEPOSIT_ACCOUNT_NUM, WITHDRAWAL_NAME,  DEPOSIT_NAME, WITHDRAWAL_BANK_CODE, DEPOSIT_BANK_CODE, WITHDRAWAL_PHONE_NUMBER, DEPOSIT_PHONE_NUMBER, TRAN_AMOUNT, GUEST_GROUP, MEMBER_TYPE)
VALUES(SEQ_FINAL_TRANSACTION_HISTORY_NO.nextval, '20-00897-11407', '2-68204-14257', '오세욱','김신랑', '20', '2', '01069998881','01099999999',50000 ,'하나고등학교' ,'신랑');
INSERT INTO FINAL_TRANSACTION_HISTORY(TRAN_NUM, WITHDRAWAL_ACCOUNT_NUM, DEPOSIT_ACCOUNT_NUM, WITHDRAWAL_NAME,  DEPOSIT_NAME, WITHDRAWAL_BANK_CODE, DEPOSIT_BANK_CODE, WITHDRAWAL_PHONE_NUMBER, DEPOSIT_PHONE_NUMBER, TRAN_AMOUNT, GUEST_GROUP, MEMBER_TYPE)
VALUES(SEQ_FINAL_TRANSACTION_HISTORY_NO.nextval, '20-89750-22202', '2-68204-14257', '최영환','김신랑', '20', '2', '01044149974','01099999999',50000 ,'청라초등학교' ,'신랑');
INSERT INTO FINAL_TRANSACTION_HISTORY(TRAN_NUM, WITHDRAWAL_ACCOUNT_NUM, DEPOSIT_ACCOUNT_NUM, WITHDRAWAL_NAME,  DEPOSIT_NAME, WITHDRAWAL_BANK_CODE, DEPOSIT_BANK_CODE, WITHDRAWAL_PHONE_NUMBER, DEPOSIT_PHONE_NUMBER, TRAN_AMOUNT, GUEST_GROUP, MEMBER_TYPE)
VALUES(SEQ_FINAL_TRANSACTION_HISTORY_NO.nextval, '2-02462-22102', '2-68204-14257', '김용걸','김신랑', '2', '2', '01044433331','01099999999',100000 ,'하나고등학교' ,'신랑');
INSERT INTO FINAL_TRANSACTION_HISTORY(TRAN_NUM, WITHDRAWAL_ACCOUNT_NUM, DEPOSIT_ACCOUNT_NUM, WITHDRAWAL_NAME,  DEPOSIT_NAME, WITHDRAWAL_BANK_CODE, DEPOSIT_BANK_CODE, WITHDRAWAL_PHONE_NUMBER, DEPOSIT_PHONE_NUMBER, TRAN_AMOUNT, GUEST_GROUP, MEMBER_TYPE)
VALUES(SEQ_FINAL_TRANSACTION_HISTORY_NO.nextval, '2-78887-98660', '2-68204-14257', '노석원','김신랑', '2', '2', '01055577744','01099999999',200000 ,'하나금융티아이' ,'신랑');
INSERT INTO FINAL_TRANSACTION_HISTORY(TRAN_NUM, WITHDRAWAL_ACCOUNT_NUM, DEPOSIT_ACCOUNT_NUM, WITHDRAWAL_NAME,  DEPOSIT_NAME, WITHDRAWAL_BANK_CODE, DEPOSIT_BANK_CODE, WITHDRAWAL_PHONE_NUMBER, DEPOSIT_PHONE_NUMBER, TRAN_AMOUNT, GUEST_GROUP, MEMBER_TYPE)
VALUES(SEQ_FINAL_TRANSACTION_HISTORY_NO.nextval, '20-66560-44208', '2-68204-14257', '채준영','김신랑', '20', '2', '01099930012','01099999999',50000 ,'광명융합기술원' ,'신랑');
INSERT INTO FINAL_TRANSACTION_HISTORY(TRAN_NUM, WITHDRAWAL_ACCOUNT_NUM, DEPOSIT_ACCOUNT_NUM, WITHDRAWAL_NAME,  DEPOSIT_NAME, WITHDRAWAL_BANK_CODE, DEPOSIT_BANK_CODE, WITHDRAWAL_PHONE_NUMBER, DEPOSIT_PHONE_NUMBER, TRAN_AMOUNT, GUEST_GROUP, MEMBER_TYPE)
VALUES(SEQ_FINAL_TRANSACTION_HISTORY_NO.nextval, '9-97669-66412', '2-68204-14257', '박세찬','김신랑', '9', '2', '01055522399','01099999999',100000 ,'하나고등학교' ,'신랑');
INSERT INTO FINAL_TRANSACTION_HISTORY(TRAN_NUM, WITHDRAWAL_ACCOUNT_NUM, DEPOSIT_ACCOUNT_NUM, WITHDRAWAL_NAME,  DEPOSIT_NAME, WITHDRAWAL_BANK_CODE, DEPOSIT_BANK_CODE, WITHDRAWAL_PHONE_NUMBER, DEPOSIT_PHONE_NUMBER, TRAN_AMOUNT, GUEST_GROUP, MEMBER_TYPE)
VALUES(SEQ_FINAL_TRANSACTION_HISTORY_NO.nextval, '20-11141-99989', '2-68204-14257', '장덕조','김신랑', '20', '2', '01044718881','01099999999',200000 ,'하나금융티아이' ,'신랑');
INSERT INTO FINAL_TRANSACTION_HISTORY(TRAN_NUM, WITHDRAWAL_ACCOUNT_NUM, DEPOSIT_ACCOUNT_NUM, WITHDRAWAL_NAME,  DEPOSIT_NAME, WITHDRAWAL_BANK_CODE, DEPOSIT_BANK_CODE, WITHDRAWAL_PHONE_NUMBER, DEPOSIT_PHONE_NUMBER, TRAN_AMOUNT, GUEST_GROUP, MEMBER_TYPE)
VALUES(SEQ_FINAL_TRANSACTION_HISTORY_NO.nextval, '14-22122-33320', '2-68204-14257', '정재정','김신랑', '14', '2', '01022184221','01099999999',50000 ,'광명융합기술원' ,'신랑');
INSERT INTO FINAL_TRANSACTION_HISTORY(TRAN_NUM, WITHDRAWAL_ACCOUNT_NUM, DEPOSIT_ACCOUNT_NUM, WITHDRAWAL_NAME,  DEPOSIT_NAME, WITHDRAWAL_BANK_CODE, DEPOSIT_BANK_CODE, WITHDRAWAL_PHONE_NUMBER, DEPOSIT_PHONE_NUMBER, TRAN_AMOUNT, GUEST_GROUP, MEMBER_TYPE)
VALUES(SEQ_FINAL_TRANSACTION_HISTORY_NO.nextval, '20-08858-31302', '2-68204-14257', '권오훈','김신랑', '20', '2', '01088471122','01099999999',100000 ,'하나고등학교' ,'신랑');
INSERT INTO FINAL_TRANSACTION_HISTORY(TRAN_NUM, WITHDRAWAL_ACCOUNT_NUM, DEPOSIT_ACCOUNT_NUM, WITHDRAWAL_NAME,  DEPOSIT_NAME, WITHDRAWAL_BANK_CODE, DEPOSIT_BANK_CODE, WITHDRAWAL_PHONE_NUMBER, DEPOSIT_PHONE_NUMBER, TRAN_AMOUNT, GUEST_GROUP, MEMBER_TYPE)
VALUES(SEQ_FINAL_TRANSACTION_HISTORY_NO.nextval, '9-64559-68954', '2-68204-14257', '김준기','김신랑', '9', '2', '01050114980','01099999999',50000 ,'청라초등학교' ,'신랑');
INSERT INTO FINAL_TRANSACTION_HISTORY(TRAN_NUM, WITHDRAWAL_ACCOUNT_NUM, DEPOSIT_ACCOUNT_NUM, WITHDRAWAL_NAME,  DEPOSIT_NAME, WITHDRAWAL_BANK_CODE, DEPOSIT_BANK_CODE, WITHDRAWAL_PHONE_NUMBER, DEPOSIT_PHONE_NUMBER, TRAN_AMOUNT, GUEST_GROUP, MEMBER_TYPE)
VALUES(SEQ_FINAL_TRANSACTION_HISTORY_NO.nextval, '2-03132-02156', '2-68204-14257', '이동규','김신랑', '2', '2', '01047357480','01099999999',50000 ,'하나고등학교' ,'신랑');
INSERT INTO FINAL_TRANSACTION_HISTORY(TRAN_NUM, WITHDRAWAL_ACCOUNT_NUM, DEPOSIT_ACCOUNT_NUM, WITHDRAWAL_NAME,  DEPOSIT_NAME, WITHDRAWAL_BANK_CODE, DEPOSIT_BANK_CODE, WITHDRAWAL_PHONE_NUMBER, DEPOSIT_PHONE_NUMBER, TRAN_AMOUNT, GUEST_GROUP, MEMBER_TYPE)
VALUES(SEQ_FINAL_TRANSACTION_HISTORY_NO.nextval, '20-54687-98904', '2-68204-14257', '박영춘','김신랑', '20', '2', '01088817772','01099999999',100000 ,'청라초등학교' ,'신랑');
INSERT INTO FINAL_TRANSACTION_HISTORY(TRAN_NUM, WITHDRAWAL_ACCOUNT_NUM, DEPOSIT_ACCOUNT_NUM, WITHDRAWAL_NAME,  DEPOSIT_NAME, WITHDRAWAL_BANK_CODE, DEPOSIT_BANK_CODE, WITHDRAWAL_PHONE_NUMBER, DEPOSIT_PHONE_NUMBER, TRAN_AMOUNT, GUEST_GROUP, MEMBER_TYPE)
VALUES(SEQ_FINAL_TRANSACTION_HISTORY_NO.nextval, '9-00050-66663', '2-68204-14257', '황지호','김신랑', '9', '2', '01099992771','01099999999',200000 ,'광명융합기술원' ,'신랑');
INSERT INTO FINAL_TRANSACTION_HISTORY(TRAN_NUM, WITHDRAWAL_ACCOUNT_NUM, DEPOSIT_ACCOUNT_NUM, WITHDRAWAL_NAME,  DEPOSIT_NAME, WITHDRAWAL_BANK_CODE, DEPOSIT_BANK_CODE, WITHDRAWAL_PHONE_NUMBER, DEPOSIT_PHONE_NUMBER, TRAN_AMOUNT, GUEST_GROUP, MEMBER_TYPE)
VALUES(SEQ_FINAL_TRANSACTION_HISTORY_NO.nextval, '20-77854-00465', '2-68204-14257', '장재형','김신랑', '20', '2', '01088688681','01099999999',50000 ,'하나금융티아이' ,'신랑');
INSERT INTO FINAL_TRANSACTION_HISTORY(TRAN_NUM, WITHDRAWAL_ACCOUNT_NUM, DEPOSIT_ACCOUNT_NUM, WITHDRAWAL_NAME,  DEPOSIT_NAME, WITHDRAWAL_BANK_CODE, DEPOSIT_BANK_CODE, WITHDRAWAL_PHONE_NUMBER, DEPOSIT_PHONE_NUMBER, TRAN_AMOUNT, GUEST_GROUP, MEMBER_TYPE)
VALUES(SEQ_FINAL_TRANSACTION_HISTORY_NO.nextval, '2-44622-66529', '2-68204-14257', '조현우','김신랑', '2', '2', '01099301232','01099999999',100000 ,'하나고등학교' ,'신랑');
INSERT INTO FINAL_TRANSACTION_HISTORY(TRAN_NUM, WITHDRAWAL_ACCOUNT_NUM, DEPOSIT_ACCOUNT_NUM, WITHDRAWAL_NAME,  DEPOSIT_NAME, WITHDRAWAL_BANK_CODE, DEPOSIT_BANK_CODE, WITHDRAWAL_PHONE_NUMBER, DEPOSIT_PHONE_NUMBER, TRAN_AMOUNT, GUEST_GROUP, MEMBER_TYPE)
VALUES(SEQ_FINAL_TRANSACTION_HISTORY_NO.nextval, '2-22888-30798', '2-68204-14257', '김보성','김신랑', '2', '2', '01009877774','01099999999',50000 ,'기타' ,'신랑');
INSERT INTO FINAL_TRANSACTION_HISTORY(TRAN_NUM, WITHDRAWAL_ACCOUNT_NUM, DEPOSIT_ACCOUNT_NUM, WITHDRAWAL_NAME,  DEPOSIT_NAME, WITHDRAWAL_BANK_CODE, DEPOSIT_BANK_CODE, WITHDRAWAL_PHONE_NUMBER, DEPOSIT_PHONE_NUMBER, TRAN_AMOUNT, GUEST_GROUP, MEMBER_TYPE)
VALUES(SEQ_FINAL_TRANSACTION_HISTORY_NO.nextval, '9-88599-64025', '2-68204-14257', '김보현','김신랑', '9', '2', '01088320992','01099999999',100000 ,'광명융합기술원' ,'신랑');
INSERT INTO FINAL_TRANSACTION_HISTORY(TRAN_NUM, WITHDRAWAL_ACCOUNT_NUM, DEPOSIT_ACCOUNT_NUM, WITHDRAWAL_NAME,  DEPOSIT_NAME, WITHDRAWAL_BANK_CODE, DEPOSIT_BANK_CODE, WITHDRAWAL_PHONE_NUMBER, DEPOSIT_PHONE_NUMBER, TRAN_AMOUNT, GUEST_GROUP, MEMBER_TYPE)
VALUES(SEQ_FINAL_TRANSACTION_HISTORY_NO.nextval, '20-77707-00054', '2-68204-14257', '차종학','김신랑', '20', '2', '01099266510','01099999999',50000 ,'하나금융티아이' ,'신랑');
INSERT INTO FINAL_TRANSACTION_HISTORY(TRAN_NUM, WITHDRAWAL_ACCOUNT_NUM, DEPOSIT_ACCOUNT_NUM, WITHDRAWAL_NAME,  DEPOSIT_NAME, WITHDRAWAL_BANK_CODE, DEPOSIT_BANK_CODE, WITHDRAWAL_PHONE_NUMBER, DEPOSIT_PHONE_NUMBER, TRAN_AMOUNT, GUEST_GROUP, MEMBER_TYPE)
VALUES(SEQ_FINAL_TRANSACTION_HISTORY_NO.nextval, '2-79658-95100', '2-68204-14257', '장호철','김신랑', '2', '2', '01012345532','01099999999',100000 ,'하나고등학교' ,'신랑');
INSERT INTO FINAL_TRANSACTION_HISTORY(TRAN_NUM, WITHDRAWAL_ACCOUNT_NUM, DEPOSIT_ACCOUNT_NUM, WITHDRAWAL_NAME,  DEPOSIT_NAME, WITHDRAWAL_BANK_CODE, DEPOSIT_BANK_CODE, WITHDRAWAL_PHONE_NUMBER, DEPOSIT_PHONE_NUMBER, TRAN_AMOUNT, GUEST_GROUP, MEMBER_TYPE)
VALUES(SEQ_FINAL_TRANSACTION_HISTORY_NO.nextval, '9-55864-76405', '2-68204-14257', '변준오','김신랑', '9', '2', '01055678913','01099999999',50000 ,'하나금융티아이' ,'신랑');
INSERT INTO FINAL_TRANSACTION_HISTORY(TRAN_NUM, WITHDRAWAL_ACCOUNT_NUM, DEPOSIT_ACCOUNT_NUM, WITHDRAWAL_NAME,  DEPOSIT_NAME, WITHDRAWAL_BANK_CODE, DEPOSIT_BANK_CODE, WITHDRAWAL_PHONE_NUMBER, DEPOSIT_PHONE_NUMBER, TRAN_AMOUNT, GUEST_GROUP, MEMBER_TYPE)
VALUES(SEQ_FINAL_TRANSACTION_HISTORY_NO.nextval, '20-31322-60255', '2-68204-14257', '윤도일','김신랑', '20', '2', '01044321352','01099999999',200000 ,'기타' ,'신랑');
INSERT INTO FINAL_TRANSACTION_HISTORY(TRAN_NUM, WITHDRAWAL_ACCOUNT_NUM, DEPOSIT_ACCOUNT_NUM, WITHDRAWAL_NAME,  DEPOSIT_NAME, WITHDRAWAL_BANK_CODE, DEPOSIT_BANK_CODE, WITHDRAWAL_PHONE_NUMBER, DEPOSIT_PHONE_NUMBER, TRAN_AMOUNT, GUEST_GROUP, MEMBER_TYPE)
VALUES(SEQ_FINAL_TRANSACTION_HISTORY_NO.nextval, '14-38795-65884', '2-68204-14257', '이승진','김신랑', '14', '2', '01093725112','01099999999',50000 ,'광명융합기술원' ,'신랑');
INSERT INTO FINAL_TRANSACTION_HISTORY(TRAN_NUM, WITHDRAWAL_ACCOUNT_NUM, DEPOSIT_ACCOUNT_NUM, WITHDRAWAL_NAME,  DEPOSIT_NAME, WITHDRAWAL_BANK_CODE, DEPOSIT_BANK_CODE, WITHDRAWAL_PHONE_NUMBER, DEPOSIT_PHONE_NUMBER, TRAN_AMOUNT, GUEST_GROUP, MEMBER_TYPE)
VALUES(SEQ_FINAL_TRANSACTION_HISTORY_NO.nextval, '2-02468-33350', '2-68204-14257', '김은동','김신랑', '2', '2', '01016776748','01099999999',100000 ,'하나고등학교' ,'신랑');
INSERT INTO FINAL_TRANSACTION_HISTORY(TRAN_NUM, WITHDRAWAL_ACCOUNT_NUM, DEPOSIT_ACCOUNT_NUM, WITHDRAWAL_NAME,  DEPOSIT_NAME, WITHDRAWAL_BANK_CODE, DEPOSIT_BANK_CODE, WITHDRAWAL_PHONE_NUMBER, DEPOSIT_PHONE_NUMBER, TRAN_AMOUNT, GUEST_GROUP, MEMBER_TYPE)
VALUES(SEQ_FINAL_TRANSACTION_HISTORY_NO.nextval, '20-65809-44100', '2-68204-14257', '김한결','김신랑', '20', '2', '01022321777','01099999999',50000 ,'기타' ,'신랑');
INSERT INTO FINAL_TRANSACTION_HISTORY(TRAN_NUM, WITHDRAWAL_ACCOUNT_NUM, DEPOSIT_ACCOUNT_NUM, WITHDRAWAL_NAME,  DEPOSIT_NAME, WITHDRAWAL_BANK_CODE, DEPOSIT_BANK_CODE, WITHDRAWAL_PHONE_NUMBER, DEPOSIT_PHONE_NUMBER, TRAN_AMOUNT, GUEST_GROUP, MEMBER_TYPE)
VALUES(SEQ_FINAL_TRANSACTION_HISTORY_NO.nextval, '9-44130-20201', '2-68204-14257', '손복주','김신랑', '9', '2', '01093721221','01099999999',200000 ,'청라초등학교' ,'신랑');
INSERT INTO FINAL_TRANSACTION_HISTORY(TRAN_NUM, WITHDRAWAL_ACCOUNT_NUM, DEPOSIT_ACCOUNT_NUM, WITHDRAWAL_NAME,  DEPOSIT_NAME, WITHDRAWAL_BANK_CODE, DEPOSIT_BANK_CODE, WITHDRAWAL_PHONE_NUMBER, DEPOSIT_PHONE_NUMBER, TRAN_AMOUNT, GUEST_GROUP, MEMBER_TYPE)
VALUES(SEQ_FINAL_TRANSACTION_HISTORY_NO.nextval, '2-16523-30358', '2-68204-14257', '박규태','김신랑', '2', '2', '01025505004','01099999999',100000 ,'광명융합기술원' ,'신랑');
INSERT INTO FINAL_TRANSACTION_HISTORY(TRAN_NUM, WITHDRAWAL_ACCOUNT_NUM, DEPOSIT_ACCOUNT_NUM, WITHDRAWAL_NAME,  DEPOSIT_NAME, WITHDRAWAL_BANK_CODE, DEPOSIT_BANK_CODE, WITHDRAWAL_PHONE_NUMBER, DEPOSIT_PHONE_NUMBER, TRAN_AMOUNT, GUEST_GROUP, MEMBER_TYPE)
VALUES(SEQ_FINAL_TRANSACTION_HISTORY_NO.nextval, '20-98563-66251', '2-68204-14257', '문석인','김신랑', '20', '2', '01030063822','01099999999',50000 ,'풍생고등학교' ,'신랑');
INSERT INTO FINAL_TRANSACTION_HISTORY(TRAN_NUM, WITHDRAWAL_ACCOUNT_NUM, DEPOSIT_ACCOUNT_NUM, WITHDRAWAL_NAME,  DEPOSIT_NAME, WITHDRAWAL_BANK_CODE, DEPOSIT_BANK_CODE, WITHDRAWAL_PHONE_NUMBER, DEPOSIT_PHONE_NUMBER, TRAN_AMOUNT, GUEST_GROUP, MEMBER_TYPE)
VALUES(SEQ_FINAL_TRANSACTION_HISTORY_NO.nextval, '2-09099-06465', '2-68204-14257', '김준영','김신랑', '2', '2', '01099766221','01099999999',100000 ,'하나금융티아이' ,'신랑');
INSERT INTO FINAL_TRANSACTION_HISTORY(TRAN_NUM, WITHDRAWAL_ACCOUNT_NUM, DEPOSIT_ACCOUNT_NUM, WITHDRAWAL_NAME,  DEPOSIT_NAME, WITHDRAWAL_BANK_CODE, DEPOSIT_BANK_CODE, WITHDRAWAL_PHONE_NUMBER, DEPOSIT_PHONE_NUMBER, TRAN_AMOUNT, GUEST_GROUP, MEMBER_TYPE)
VALUES(SEQ_FINAL_TRANSACTION_HISTORY_NO.nextval, '20-99500-54425', '2-68204-14257', '이국희','김신랑', '20', '2', '01000822221','01099999999',50000 ,'기타' ,'신랑');
INSERT INTO FINAL_TRANSACTION_HISTORY(TRAN_NUM, WITHDRAWAL_ACCOUNT_NUM, DEPOSIT_ACCOUNT_NUM, WITHDRAWAL_NAME,  DEPOSIT_NAME, WITHDRAWAL_BANK_CODE, DEPOSIT_BANK_CODE, WITHDRAWAL_PHONE_NUMBER, DEPOSIT_PHONE_NUMBER, TRAN_AMOUNT, GUEST_GROUP, MEMBER_TYPE)
VALUES(SEQ_FINAL_TRANSACTION_HISTORY_NO.nextval, '9-46857-55151', '2-68204-14257', '심찬영','김신랑', '9', '2', '01055197576','01099999999',200000 ,'하나금융티아이' ,'신랑');
INSERT INTO FINAL_TRANSACTION_HISTORY(TRAN_NUM, WITHDRAWAL_ACCOUNT_NUM, DEPOSIT_ACCOUNT_NUM, WITHDRAWAL_NAME,  DEPOSIT_NAME, WITHDRAWAL_BANK_CODE, DEPOSIT_BANK_CODE, WITHDRAWAL_PHONE_NUMBER, DEPOSIT_PHONE_NUMBER, TRAN_AMOUNT, GUEST_GROUP, MEMBER_TYPE)
VALUES(SEQ_FINAL_TRANSACTION_HISTORY_NO.nextval, '2-00135-12022', '2-68204-14257', '조영진','김신랑', '2', '2', '01044222211','01099999999',50000 ,'광명융합기술원' ,'신랑');
INSERT INTO FINAL_TRANSACTION_HISTORY(TRAN_NUM, WITHDRAWAL_ACCOUNT_NUM, DEPOSIT_ACCOUNT_NUM, WITHDRAWAL_NAME,  DEPOSIT_NAME, WITHDRAWAL_BANK_CODE, DEPOSIT_BANK_CODE, WITHDRAWAL_PHONE_NUMBER, DEPOSIT_PHONE_NUMBER, TRAN_AMOUNT, GUEST_GROUP, MEMBER_TYPE)
VALUES(SEQ_FINAL_TRANSACTION_HISTORY_NO.nextval, '20-91111-02588', '2-68204-14257', '엄지윤','김신랑', '20', '2', '01011987543','01099999999',100000 ,'풍생고등학교' ,'신랑');
INSERT INTO FINAL_TRANSACTION_HISTORY(TRAN_NUM, WITHDRAWAL_ACCOUNT_NUM, DEPOSIT_ACCOUNT_NUM, WITHDRAWAL_NAME,  DEPOSIT_NAME, WITHDRAWAL_BANK_CODE, DEPOSIT_BANK_CODE, WITHDRAWAL_PHONE_NUMBER, DEPOSIT_PHONE_NUMBER, TRAN_AMOUNT, GUEST_GROUP, MEMBER_TYPE)
VALUES(SEQ_FINAL_TRANSACTION_HISTORY_NO.nextval, '2-11688-04645', '2-68204-14257', '박예진','김신랑', '2', '2', '01099372779','01099999999',50000 ,'청라초등학교' ,'신랑');
INSERT INTO FINAL_TRANSACTION_HISTORY(TRAN_NUM, WITHDRAWAL_ACCOUNT_NUM, DEPOSIT_ACCOUNT_NUM, WITHDRAWAL_NAME,  DEPOSIT_NAME, WITHDRAWAL_BANK_CODE, DEPOSIT_BANK_CODE, WITHDRAWAL_PHONE_NUMBER, DEPOSIT_PHONE_NUMBER, TRAN_AMOUNT, GUEST_GROUP, MEMBER_TYPE)
VALUES(SEQ_FINAL_TRANSACTION_HISTORY_NO.nextval, '9-55588-44985', '2-68204-14257', '오소영','김신랑', '9', '2', '01077787764','01099999999',50000 ,'하나금융티아이' ,'신랑');
INSERT INTO FINAL_TRANSACTION_HISTORY(TRAN_NUM, WITHDRAWAL_ACCOUNT_NUM, DEPOSIT_ACCOUNT_NUM, WITHDRAWAL_NAME,  DEPOSIT_NAME, WITHDRAWAL_BANK_CODE, DEPOSIT_BANK_CODE, WITHDRAWAL_PHONE_NUMBER, DEPOSIT_PHONE_NUMBER, TRAN_AMOUNT, GUEST_GROUP, MEMBER_TYPE)
VALUES(SEQ_FINAL_TRANSACTION_HISTORY_NO.nextval, '20-66633-40130', '2-68204-14257', '왕아름','김신랑', '20', '2', '01099556464','01099999999',200000 ,'풍생고등학교' ,'신랑');
INSERT INTO FINAL_TRANSACTION_HISTORY(TRAN_NUM, WITHDRAWAL_ACCOUNT_NUM, DEPOSIT_ACCOUNT_NUM, WITHDRAWAL_NAME,  DEPOSIT_NAME, WITHDRAWAL_BANK_CODE, DEPOSIT_BANK_CODE, WITHDRAWAL_PHONE_NUMBER, DEPOSIT_PHONE_NUMBER, TRAN_AMOUNT, GUEST_GROUP, MEMBER_TYPE)
VALUES(SEQ_FINAL_TRANSACTION_HISTORY_NO.nextval, '2-64556-25014', '2-68204-14257', '송은지','김신랑', '2', '2', '01077788881','01099999999',100000 ,'광명융합기술원' ,'신랑');
INSERT INTO FINAL_TRANSACTION_HISTORY(TRAN_NUM, WITHDRAWAL_ACCOUNT_NUM, DEPOSIT_ACCOUNT_NUM, WITHDRAWAL_NAME,  DEPOSIT_NAME, WITHDRAWAL_BANK_CODE, DEPOSIT_BANK_CODE, WITHDRAWAL_PHONE_NUMBER, DEPOSIT_PHONE_NUMBER, TRAN_AMOUNT, GUEST_GROUP, MEMBER_TYPE)
VALUES(SEQ_FINAL_TRANSACTION_HISTORY_NO.nextval, '20-33323-92014', '2-68204-14257', '이소현','김신랑', '20', '2', '01077311111','01099999999',50000 ,'풍생고등학교' ,'신랑');
INSERT INTO FINAL_TRANSACTION_HISTORY(TRAN_NUM, WITHDRAWAL_ACCOUNT_NUM, DEPOSIT_ACCOUNT_NUM, WITHDRAWAL_NAME,  DEPOSIT_NAME, WITHDRAWAL_BANK_CODE, DEPOSIT_BANK_CODE, WITHDRAWAL_PHONE_NUMBER, DEPOSIT_PHONE_NUMBER, TRAN_AMOUNT, GUEST_GROUP, MEMBER_TYPE)
VALUES(SEQ_FINAL_TRANSACTION_HISTORY_NO.nextval, '2-00148-45601', '2-68204-14257', '이나현','김신랑', '2', '2', '01099944411','01099999999',100000 ,'기타' ,'신랑');
INSERT INTO FINAL_TRANSACTION_HISTORY(TRAN_NUM, WITHDRAWAL_ACCOUNT_NUM, DEPOSIT_ACCOUNT_NUM, WITHDRAWAL_NAME,  DEPOSIT_NAME, WITHDRAWAL_BANK_CODE, DEPOSIT_BANK_CODE, WITHDRAWAL_PHONE_NUMBER, DEPOSIT_PHONE_NUMBER, TRAN_AMOUNT, GUEST_GROUP, MEMBER_TYPE)
VALUES(SEQ_FINAL_TRANSACTION_HISTORY_NO.nextval, '20-88488-02212', '2-68204-14257', '이준호','김신랑', '20', '2', '01088444442','01099999999',100000 ,'광명융합기술원' ,'신랑');
INSERT INTO FINAL_TRANSACTION_HISTORY(TRAN_NUM, WITHDRAWAL_ACCOUNT_NUM, DEPOSIT_ACCOUNT_NUM, WITHDRAWAL_NAME,  DEPOSIT_NAME, WITHDRAWAL_BANK_CODE, DEPOSIT_BANK_CODE, WITHDRAWAL_PHONE_NUMBER, DEPOSIT_PHONE_NUMBER, TRAN_AMOUNT, GUEST_GROUP, MEMBER_TYPE)
VALUES(SEQ_FINAL_TRANSACTION_HISTORY_NO.nextval, '9-88868-00798', '2-68204-14257', '황인수','김신랑', '9', '2', '01099911122','01099999999',50000 ,'하나고등학교' ,'신랑');
INSERT INTO FINAL_TRANSACTION_HISTORY(TRAN_NUM, WITHDRAWAL_ACCOUNT_NUM, DEPOSIT_ACCOUNT_NUM, WITHDRAWAL_NAME,  DEPOSIT_NAME, WITHDRAWAL_BANK_CODE, DEPOSIT_BANK_CODE, WITHDRAWAL_PHONE_NUMBER, DEPOSIT_PHONE_NUMBER, TRAN_AMOUNT, GUEST_GROUP, MEMBER_TYPE)
VALUES(SEQ_FINAL_TRANSACTION_HISTORY_NO.nextval, '2-80490-89852', '2-68204-14257', '김태인','김신랑', '2', '2', '01022313990','01099999999',200000 ,'하나금융티아이' ,'신랑');
INSERT INTO FINAL_TRANSACTION_HISTORY(TRAN_NUM, WITHDRAWAL_ACCOUNT_NUM, DEPOSIT_ACCOUNT_NUM, WITHDRAWAL_NAME,  DEPOSIT_NAME, WITHDRAWAL_BANK_CODE, DEPOSIT_BANK_CODE, WITHDRAWAL_PHONE_NUMBER, DEPOSIT_PHONE_NUMBER, TRAN_AMOUNT, GUEST_GROUP, MEMBER_TYPE)
VALUES(SEQ_FINAL_TRANSACTION_HISTORY_NO.nextval, '20-66513-00154', '2-68204-14257', '위승배','김신랑', '20', '2', '01019917771','01099999999',50000 ,'광명융합기술원' ,'신랑');


COMMIT;







commit;

select * from user_sequences;

CREATE SEQUENCE SEQ_FINAL_TRANSACTION_HISTORY_NO;

DROP SEQUENCE SEQ_FINAL_TRANSACTION_HISTORY_NO;

select WITHDRAWAL_NAME, TRAN_AMOUNT
from FINAL_TRANSACTION_HISTORY
where guest_group = '하나금융티아이';


UPDATE FINAL_TRANSACTION_HISTORY SET RE_PAY ='미완료' WHERE RE_PAY = '완료';
UPDATE FINAL_TRANSACTION_HISTORY SET MEMBER_TYPE ='신랑' WHERE MEMBER_TYPE ='신부';


COMMIT;

SELECT GUEST_GROUP, COUNT(WITHDRAWAL_NAME)
FROM FINAL_TRANSACTION_HISTORY
GROUP BY GUEST_GROUP;

SELECT GUEST_GROUP, SUM(TRAN_AMOUNT)
FROM FINAL_TRANSACTION_HISTORY
GROUP BY GUEST_GROUP;



SELECT * FROM FINAL_account;

COMMIT;



COMMIT;

--select * from final_account AS A 
--inner join 
--final_bank_code As code  
--on account.bank_code = code.bank_code
--where account.phone_number = '01077106366';
--    
--    select * from final_account;
--    
--select * from final_account A, final_bank_code B 
--where A.bank_code=B.bank_code
--and a.phone_number='01077106366';


CREATE TABLE GUEST_GROUP(
    MEMBER_TYPE VARCHAR2(10) DEFAULT '하객',
    MEMBER_NAME VARCHAR2(30),
    MEMBER_ID VARCHAR2(40),
    MEMBER_PHONENUMBER VARCHAR2(50),
    FIRST_GUEST_GROUP VARCHAR2(40),
    SECOND_GUEST_GROUP VARCHAR2(40),
    THIRD_GUEST_GROUP VARCHAR2(40),
    FOURTH_GUEST_GROUP VARCHAR2(40),
    LAST_GUEST_GROUP VARCHAR2(40) DEFAULT '기타'
);


SELECT * FROM GUEST_GROUP;

DROP TABLE GUEST_GROUP;

COMMIT;

select TRAN_NUM, WITHDRAWAL_ACCOUNT_NUM,  DEPOSIT_ACCOUNT_NUM, WITHDRAWAL_NAME, DEPOSIT_NAME, decode(WITHDRAWAL_BANK_CODE, '2', '하나은행', decode(WITHDRAWAL_BANK_CODE, '9', '국민은행', decode(WITHDRAWAL_BANK_CODE, '14', '신한은행' , decode(WITHDRAWAL_BANK_CODE, '20', '우리은행')))) as WITHDRAWAL_BANK_CODE, DEPOSIT_BANK_CODE, WITHDRAWAL_PHONE_NUMBER,  DEPOSIT_PHONE_NUMBER,  TRAN_AMOUNT,  TRAN_DATE, GUEST_GROUP, MEMBER_TYPE, RE_PAY from FINAL_TRANSACTION_HISTORY
		where WITHDRAWAL_PHONE_NUMBER = '01077106366';

DELETE FROM GUEST_GROUP WHERE  FOURTH_GUEST_GROUP = '하나고등학교';

commit;

SELECT A.balance, B.name, A.phone_number 
FROM FINAL_ACCOUNT A, FINAL_MEMBER B 
WHERE A.account_number = '2-74201-58451' and A.PHONE_NUMBER = B.PHONENUMBER;


SELECT A.balance, B.name, A.phone_number 
FROM FINAL_ACCOUNT A, FINAL_MEMBER B 
WHERE A.account_number = '' and A.PHONE_NUMBER = B.PHONENUMBER;

		SELECT (A.TRAN_AMOUNT * 0.01) as HANAPOINT, (B.NAME) AS NAME,
		(B.PHONENUMBER) AS PHONENUMBER
		FROM FINAL_TRANSACTION_HISTORY A,
		FINAL_MEMBER B
		WHERE A.WITHDRAWAL_PHONE_NUMBER = '01077106366' AND
		B.IMAGE = 'Y';
        
SELECT * FROM FINAL_MEMBER WHERE NAME = '관리자';

SELECT * FROM FINAL_TRANSACTION_HISTORY WHERE  WITHDRAWAL_PHONE_NUMBER = '01077106366';

SELECT * FROM FINAL_TRANSACTION_HISTORY WHERE  WITHDRAWAL_PHONE_NUMBER = '01077106366';

SELECT * FROM FINAL_TRANSACTION_HISTORY WHERE  TRAN_AMOUNT = 119;

SELECT * FROM FINAL_TRANSACTION_HISTORY;

DELETE FROM FINAL_TRANSACTION_HISTORY WHERE TRAN_AMOUNT = 119;

DELETE FROM FINAL_TRANSACTION_HISTORY WHERE MEMBER_TYPE = '신랑';

DELETE FROM FINAL_TRANSACTION_HISTORY WHERE WITHDRAWAL_NAME = '김병관';

COMMIT;

	select *
	from FINAL_TRANSACTION_HISTORY
	where WITHDRAWAL_BANK_CODE != '2';


COMMIT;


select TRAN_NUM, WITHDRAWAL_ACCOUNT_NUM,  DEPOSIT_ACCOUNT_NUM, WITHDRAWAL_NAME, DEPOSIT_NAME, decode(WITHDRAWAL_BANK_CODE, '2', '하나은행', decode(WITHDRAWAL_BANK_CODE, '9', '국민은행', decode(WITHDRAWAL_BANK_CODE, '14', '신한은행' , decode(WITHDRAWAL_BANK_CODE, '20', '우리은행')))) as WITHDRAWAL_BANK_CODE, DEPOSIT_BANK_CODE, WITHDRAWAL_PHONE_NUMBER,  DEPOSIT_PHONE_NUMBER,  TRAN_AMOUNT,  TRAN_DATE, GUEST_GROUP, MEMBER_TYPE, RE_PAY 
from FINAL_TRANSACTION_HISTORY
	where DEPOSIT_PHONE_NUMBER = '01088888888';

        
SELECT SUBSTR(WITHDRAWAL_NAME, 0,1)||'*'||SUBSTR(WITHDRAWAL_NAME, 3,1) as WITHDRAWAL_NAME
FROM FINAL_TRANSACTION_HISTORY;

SELECT SUBSTR(WITHDRAWAL_ACCOUNT_NUM, 0,2)||'*****-'||SUBSTR(WITHDRAWAL_ACCOUNT_NUM, 10) as WITHDRAWAL_ACCOUNT_NUM
FROM FINAL_TRANSACTION_HISTORY;


SELECT SUBSTR(WITHDRAWAL_PHONE_NUMBER, 0,3)||'-****-'||SUBSTR(WITHDRAWAL_PHONE_NUMBER, 8) as WITHDRAWAL_PHONE_NUMBER
FROM FINAL_TRANSACTION_HISTORY;


	select
TRAN_NUM, 
SUBSTR(WITHDRAWAL_NAME, 0,1)||'*'||SUBSTR(WITHDRAWAL_NAME, 3,1) as WITHDRAWAL_NAME, 

SUBSTR(DEPOSIT_NAME, 0,1)||'*'||SUBSTR(DEPOSIT_NAME, 3,1) as DEPOSIT_NAME, 

SUBSTR(WITHDRAWAL_ACCOUNT_NUM, 0,2)||'*****-'||SUBSTR(WITHDRAWAL_ACCOUNT_NUM, 10) as WITHDRAWAL_ACCOUNT_NUM,

SUBSTR(DEPOSIT_ACCOUNT_NUM, 0,2)||'*****-'||SUBSTR(DEPOSIT_ACCOUNT_NUM, 10) as DEPOSIT_ACCOUNT_NUM,

decode(WITHDRAWAL_BANK_CODE, '2', '하나은행', decode(WITHDRAWAL_BANK_CODE, '9', '국민은행', decode(WITHDRAWAL_BANK_CODE, '14', '신한은행' , decode(WITHDRAWAL_BANK_CODE, '20', '우리은행')))) as WITHDRAWAL_BANK_CODE, decode(DEPOSIT_BANK_CODE, '2', '하나은행', decode(DEPOSIT_BANK_CODE, '9', '국민은행', decode(DEPOSIT_BANK_CODE, '14', '신한은행' , decode(DEPOSIT_BANK_CODE, '20', '우리은행')))) as DEPOSIT_BANK_CODE,

SUBSTR(WITHDRAWAL_PHONE_NUMBER, 0,3)||'-****-'||SUBSTR(WITHDRAWAL_PHONE_NUMBER, 8) as WITHDRAWAL_PHONE_NUMBER,

SUBSTR(DEPOSIT_PHONE_NUMBER, 0,3)||'-****-'||SUBSTR(DEPOSIT_PHONE_NUMBER, 8) as DEPOSIT_PHONE_NUMBER,

TRAN_AMOUNT, TRAN_DATE     
 
from FINAL_TRANSACTION_HISTORY
where WITHDRAWAL_BANK_CODE != '2';



select
TRAN_NUM, 
SUBSTR(WITHDRAWAL_NAME, 0,1)||'*'||SUBSTR(WITHDRAWAL_NAME, 3,1) as WITHDRAWAL_NAME, 

decode(WITHDRAWAL_BANK_CODE, '2', '하나은행', decode(WITHDRAWAL_BANK_CODE, '9', '국민은행', decode(WITHDRAWAL_BANK_CODE, '14', '신한은행' , decode(WITHDRAWAL_BANK_CODE, '20', '우리은행')))) as WITHDRAWAL_BANK_CODE, 

SUBSTR(WITHDRAWAL_PHONE_NUMBER, 0,3)||'-****-'||SUBSTR(WITHDRAWAL_PHONE_NUMBER, 8) as WITHDRAWAL_PHONE_NUMBER,

TRAN_AMOUNT, 

TRAN_DATE     
 
from FINAL_TRANSACTION_HISTORY
where WITHDRAWAL_BANK_CODE != '2';


SELECT (A.TRAN_AMOUNT * 0.02) as HANAPOINT, (B.NAME) AS NAME,
		(B.PHONENUMBER) AS PHONENUMBER
		FROM FINAL_TRANSACTION_HISTORY A,
		FINAL_MEMBER B
		WHERE A.WITHDRAWAL_PHONE_NUMBER = '01077106366' AND
		B.VIDEO = 'Y';
        
SELECT * FROM FINAL_MEMBER WHERE NAME ='김병관';




SELECT * FROM FINAL_TRANSACTION_HISTORY WHERE WITHDRAWAL_NAME = '김병관';









